,BAND,SNX,TUSD,FIS,LTO,BVND,MFT,WRX,ARPA,NPXS,ICX,PHB,FIO,NGN,NU,IOST,MLN,ALPHA,ONT,ZAR,UAH,MANA,DOCK,XLM,TRIBE,ETH,WNXM,CHR,YGG,BLZ,TLM,NEO,DOT,LTC,STORM,ZRX,LEND,KSM,FTM,CTSI,TRY,ENJ,FIDA,CVC,EOS,KMD,RUNE,GTO,ATOM,TORN,ALGO,CRV,SOLAN,DOGE,ALICE,TKO,QUICK,HOLO,NANO,XMR,AR,EUR,LINK,KAVA,YFI,DCR,BRL,GBP,AVAX,DATA,REP,BOND,FLM,STX,CAKE,MCO,MBOX,YFII,HARD,USDT,BSV,KNC,RVN,MKR,REN,BTG,WTC,BKRW,DASH,TRU,WAN,AION,STRAX,DGB,CLV,GRT,SUSHI,DNT,VET,SRM,TRB,FARM,INJ,LUNA,ANT,CTK,KEEP,UNFI,AAVE,SXP,AVA,FET,BTS,BAL,SC,TFUEL,FTT,IRIS,ZEC,RLC,AUD,WAXP,ILV,BAKE,NMR,MIOTA,CELR,BZRX,STORJ,XTZ,ICP,FIRO,LSK,ADX,SHIB,ADA,THETA,ANKR,SYS,ALPACA,ZIL,MATIC,ETC,BEL,POLS,IOTX,DAI,BAT,WIN,AXS,BTT,WAVES,HBAR,TRX,DUSK,ERD,DIA,CHZ,QNT,VAI,OCEAN,BUSD,HOT,PERL,MINA,ATA,OMG,ONE,XVG,OGN,IDRT,EGLD,KLAY,GNO,JST,NEAR,USDC,WING,COTI,PAXG,USDP,COMP,BNT,STMX,ARDR,LPT,AVALA,BCH,QTUM,GTC,XEM,POLY,C98,BCPT,ELF,NULS,FLOW,BTC,GALA,FIL,BNB,ZEN,TOMO,SAND,XRP,RUB,DYDX,RSR,UNI,XVS,LRC,MDX,USDS,SOL,MTL,BIDR
BAND,,,,,,,,,,,,,,,,,,,,,,,,,,,,,,,,,,,,,,,,,,,,,,,,,,,,,,,,,,,,,,,,,,,,,,,,,,,,,,,,0.18152114721365037,,,,,,,,,,,,,,,,,,,,,,,,,,,,,,,,,,,,,,,,,,,,,,,,,,,,,,,,,,,,,,,,,,,,,,,,,,,,,,,,,,0.1812250815512867,,,,,,,,,,,,,,,,,,,,,,,,,,,,,,,,,,,,5672.149744753261,,,52.2466039707419,,,,,,,,,,,,,,,
SNX,,,,,,,,,,,,,,,,,,,,,,,,,,,,,,,,,,,,,,,,,,,,,,,,,,,,,,,,,,,,,,,,,,,,,,,,,,,,,,,,0.14564520827264785,,,,,,,,,,,,,,,,,,,,,,,,,,,,,,,,,,,,,,,,,,,,,,,,,,,,,,,,,,,,,,,,,,,,,,,,,,,,,,,,,,0.14549687181725593,,,,,,,,,,,,,,,,,,,,,,,,,,,,,,,,,,,,4418.912947414936,,,41.89359028068706,,,,,,,,,,,,,,,
TUSD,,,,,,,,,,,,0.00685,,,,,,,,,,,,,,2118.56,,,,,,,,136.41,,,,,,,,,,,3.9113,,,,,,,,,,,,,,,,,,18.037,,,,,,,,,,,,,,,,,1.000100010001,,,,,,,,,,,,,,,,,,,,,,,,,,,,,,,,,,,,,,,,,,,,,,,,,,,,,,,,1.3422,,,,,,,,,,,,,,,0.002643,,,0.06455,,,,,,,,1.0,,,,,,,,,,,,,,,,,,,,,,,,,,493.54,,,,,,,,,,33457.2,,,288.4,,,,0.6604,,,,,,,,,,,
FIS,,,,,,,,,,,,,,,,,,,,,,,,,,,,,,,,,,,,,,,,,,,,,,,,,,,,,,,,,,,,,,,,,,,,,,,,,,,,,,,,1.364256480218281,,,,,,,,,,,,,,,,,,,,,,,,,,,,,,,,,,,,,,,,,,,,,,,,,,,,,,,,,,,,,,,,,,,,,,,,,,,,,,,,,,1.3605442176870748,,,,,,,,,,,,,,,,,,,,,,,,,,,,,,,,,,,,45620.437956204376,,,,,,,,,,,,,,,,,,
LTO,,,,,,,,,,,,,,,,,,,,,,,,,,,,,,,,,,,,,,,,,,,,,,,,,,,,,,,,,,,,,,,,,,,,,,,,,,,,,,,,6.080505898090721,,,,,,,,,,,,,,,,,,,,,,,,,,,,,,,,,,,,,,,,,,,,,,,,,,,,,,,,,,,,,,,,,,,,,,,,,,,,,,,,,,,,,,,,,,,,,,,,,,,,,,,,,,,,,,,,,,,,,,203665.98778004074,,,,,,,,,,,,,,,,,,
BVND,,,,,,,,,,,,,,,,,,,,,,,,,,,,,,,,,,,,,,,,,,,,,,,,,,,,,,,,,,,,,,,,,,,,,,,,,,,,,,,,24408.0,,,,,,,,,,,,,,,,,,,,,,,,,,,,,,,,,,,,,,,,,,,,,,,,,,,,,,,,,,,,,,,,,,,,,,,,,,,,,,,,,,24397.0,,,,,,,,,,,,,,,,,,,,,,,,,,,,,,,,,,,,,,,,,,,,,,,,,,,,,,
MFT,,,,,,,,,,,,,,,,,,,,,,,,,,286532.9512893983,,,,,,,,,,,,,,,,,,,,,,,,,,,,,,,,,,,,,,,,,,,,,,,,,,,,,,135.15339910798755,,,,,,,,,,,,,,,,,,,,,,,,,,,,,,,,,,,,,,,,,,,,,,,,,,,,,,,,,,,,,,,,,,,,,,,,,,,,,,,,,,,,,,,,,,,,,,,,,,,,,,,,,,,,,,,,,,,,,,,,,38971.16134060795,,,,,,,,,,,,,,,
WRX,,,,,,,,,,,,,,,,,,,,,,,,,,,,,,,,,,,,,,,,,,,,,,,,,,,,,,,,,,,,,,1.0416666666666667,,,,,,,,,,,,,,,,,,0.8792754770069463,,,,,,,,,,,,,,,,,,,,,,,,,,,,,,,,,,,,,,,,,,,,,,,,,,,,,,,,,,,,,,,,,,,,,,,,,,,,,,,,,,0.8785030308354563,,,,,,,,,,,,,,,,,,,,,,,,,,,,,,,,,,,,29420.417769932334,,,253.54969574036514,,,,,,,,,,,,,,,
ARPA,,,,,,,,,,,,,,,,,,,,,,,,,,,,,,,,,,,,,,,,,,,,,,,,,,,,,,,,,,,,,,,,,,,,,,,,,,,,,,,,33.222591362126245,,,,,,,,,,,,,,,,,,,,,,,,,,,,,,,,,,,,,,,,,,,,,,,,,,,,,,,,,,,,,,,,,,,,,,,,,,,,,,,,,,,,,,,,,,,,,,,,,,,,,,,,,,,,,,,,,,,,,,1111111.1111111112,,,9587.727708533077,,,,,,,,,,,,,,,
NPXS,,,,,,,,,,,,,,,,,,,,,,,,,,,,,,,,,,,,,,,,,,,,,,,,,,,,,,,,,,,,,,,,,,,,,,,,,,,,,,,,,,,,,,,,,,,,,,,,,,,,,,,,,,,,,,,,,,,,,,,,,,,,,,,,,,,,,,,,,,,,,,,,,,,,,,,,,,,,,,,,,,,,,,,,,,,,,,,,,,,,,,,,,,,,,,,,,,,,,,,,,,,,,,,,,,,,,,,,
ICX,,,,,,,,,,,,,,,,,,,,,,,,,,2666.6666666666665,,,,,,,,,,,,,,,,,,,,,,,,,,,,,,,,,,,,,,,,,,,,,,,,,,,,,,1.2599218848431397,,,,,,,,,,,,,,,,,,,,,,,,,,,,,,,,,,,,,,,,,,,,,,,,,,,,,,,,,,,,,,,,,,,,,,,,,,,,,,,,,,1.2588116817724069,,,,,,,,,,,,,,,,,,,,,,,,,,,,,,,,,,,,42158.516020236086,,,362.71309394269133,,,,,,,,,,,,,,,
PHB,,,144.92753623188406,,,,,,,,,,,,,,,,,,,,,,,,,,,,,,,,,,,,,,,,,,,,,,,,,,,,,,,,,,,,,,,,,,,,,,,,,,,,,,,,,,,,,,,,,,,,,,,,,,,,,,,,,,,,,,,,,,,,,,,,,,,,,,,,,,,,,,,,,,,,,,,,,,,,,,,,,,,,,,,,,,,,,,,,,,,,,,,,,,,,,,,,,,,,,,,,,,,4761904.761904762,,,,,,,,,,,,,,,,,,
FIO,,,,,,,,,,,,,,,,,,,,,,,,,,,,,,,,,,,,,,,,,,,,,,,,,,,,,,,,,,,,,,,,,,,,,,,,,,,,,,,,6.349206349206349,,,,,,,,,,,,,,,,,,,,,,,,,,,,,,,,,,,,,,,,,,,,,,,,,,,,,,,,,,,,,,,,,,,,,,,,,,,,,,,,,,6.3411540900443875,,,,,,,,,,,,,,,,,,,,,,,,,,,,,,,,,,,,212765.95744680852,,,1833.5166850018334,,,,,,,,,,,,,,,
NGN,,,,,,,,,,,,,,,,,,,,,,,,,,767360.0,,,,,,,,76565.0,,,,,,,,,,,,,,,,,,,,,,,,,,,,,,,,,,,,,,,,,,,,,,976.01,,,,,,,,,,,,,,,,,,,,,,,,,,,,,,,,,,,,,,,,,,,,,,,,,,,,,,,,,,,,,,,,,,,,,,,,,,15.2,,,,,,,,460.49,,,,,,,,,,,,,,,,,,,,,,,,,,,,,,,,,,,,32641436.0,,,21700.0,,,,165.0,,,,,,,,,,,
NU,,,,,,,,,,,,,,,,,,,,,,,,,,,,,,,,,,,,,,,,,,,,,,,,,,,,,,,,,,,,,,,,,,,,,,,,,,,,,,,,4.262574595055414,,,,,,,,,,,,,,,,,,,,,,,,,,,,,,,,,,,,,,,,,,,,,,,,,,,,,,,,,,,,,,,,,,,,,,,,,,,,,,,,,,4.26075841499787,,,,,,,,,,,,,,,,,,,,,,,,,,,,,,,,,,,,142857.14285714287,,,1207.5836251660428,,,,,,,,,,,,,,,
IOST,,,,,,,,,,,,,,,,,,,,,,,,,,100401.60642570282,,,,,,,,,,,,,,,,,,,,,,,,,,,,,,,,,,,,,,,,,,,,,,,,,,,,,,47.35521144101909,,,,,,,,,,,,,,,,,,,,,,,,,,,,,,,,,,,,,,,,,,,,,,,,,,,,,,,,,,,,,,,,,,,,,,,,,,,,,,,,,,47.303689687795654,,,,,,,,,,,,,,,,,,,,,,,,,,,,,,,,,,,,1562500.0,,,13568.521031207598,,,,,,,,,,,,,,,
MLN,,,,,,,,,,,,,,,,,,,,,,,,,,,,,,,,,,,,,,,,,,,,,,,,,,,,,,,,,,,,,,,,,,,,,,,,,,,,,,,,,,,,,,,,,,,,,,,,,,,,,,,,,,,,,,,,,,,,,,,,,,,,,,,,,,,,,,,,,,,,,,,,,,,,,,,,,,,,,,,,,,,,,,,,,,,,,,,,,,,,,,,,,,,,,,,,,,,,,,,,,,,,,,,,,,,,,,,,
ALPHA,,,,,,,,,,,,,,,,,,,,,,,,,,,,,,,,,,,,,,,,,,,,,,,,,,,,,,,,,,,,,,,,,,,,,,,,,,,,,,,,2.2261798753339272,,,,,,,,,,,,,,,,,,,,,,,,,,,,,,,,,,,,,,,,,,,,,,,,,,,,,,,,,,,,,,,,,,,,,,,,,,,,,,,,,,2.2237046920169004,,,,,,,,,,,,,,,,,,,,,,,,,,,,,,,,,,,,74515.64828614009,,,636.4562118126273,,,,,,,,,,,,,,,
ONT,,,,,,,,,,,,,,,,,,,,,,,,,,3021.1480362537764,,,,,,,,,,,,,,,0.16420361247947454,,,,,,,,,,,,,,,,,,,,,,,,,,,,,,,,,,,,,,,1.4275517487508922,,,,,,,,,,,,,,,,,,,,,,,,,,,,,,,,,,,,,,,,,,,,,,,,,,,,,,,,,,,,,,,,,,,,,,,,,,,,,,,,,,1.42673705236125,,,,,,,,,,,,,,,,,,,,,,,,,,,,,,,,,,,,47801.14722753346,,,411.52263374485597,,,,,,,,,,,,,,,
ZAR,,,,,,,,,,,,,,,,,,,,,,,,,,,,,,,,,,,,,,,,,,,,,,,,,,,,,,,,,,,,,,,,,,,,,,,,,,,,,,,,,,,,,,,,,,,,,,,,,,,,,,,,,,,,,,,,,,,,,,,,,,,,,,,,,,,,,,,,,,,,,,,,,,,,,,,,,,,,,,,,,,,,,,,,,,,,,,,,,,,,,,,,,,,,,,,,,,,,,,,,,,,,,,,,,,,,,,,,
UAH,,,,,,,,,,,,,,,,,,,,,,,,,,58655.0,,,,,,,,,,,,,,,,,,,,,,,,,,,,,,,,,,,,,,,,,,,,,,,,,,,,,,27.709,,,,,,,,,,,,,,,,,,,,,,,,,,,,,,,,,,,,,,,,,,,,,,,,,,,,,,,,,,,,,,,,,,,,,,,,,,,,,,,,,,,,,,,,,,,,,,,,,,,,,,,,,,,,,,,,,,,,,,926775.0,,,7989.8,,,,,,,,,,,,,,,
MANA,,,,,,,,,,,,,,,,,,,,,,,,,,3929.118698675887,,,,,,,,,,,,,,,,,,,,,,,,,,,,,,,,,,,,,,,,,,,,,,,,,,,,,,1.8556318426424196,,,,,,,,,,,,,,,,,,,,,,,,,,,,,,,,,,,,,,,,,,,,,,,,,,,,,,,,,,,,,,,,,,,,,,,,,,,,,,,,,,1.8535681186283597,,,,,,,,,,,,,,,,,,,,,,,,,,,,,,,,,,,,62111.80124223603,,,,,,,,,,,,,,,,,,
DOCK,,,,,,,,,,,,,,,,,,,,,,,,,,,,,,,,,,,,,,,,,,,,,,,,,,,,,,,,,,,,,,,,,,,,,,,,,,,,,,,,10.706982022977185,,,,,,,,,,,,,,,,,,,,,,,,,,,,,,,,,,,,,,,,,,,,,,,,,,,,,,,,,,,,,,,,,,,,,,,,,,,,,,,,,,10.649627263045794,,,,,,,,,,,,,,,,,,,,,,,,,,,,,,,,,,,,357142.85714285716,,,,,,,,,,,,,,,,,,
XLM,,,,,,,,,,,,,,,,,,,,,,,,,,7945.336087716511,,,,,,,,,,,,,,,0.43177892918825567,,,,,,,,,,,,,,,,,,,,,3.694126339120798,,,,,,,,,,,,,,,,,,3.750234389649353,,,,,,,,,,,,,,,,,,,,,,,,,,,,,,,,,,,,,,,,,,,,,,,,,,,,,,,,,,,,,,,,,,,,,,,,,,,,,,,,,,3.749531308586427,,,,,,,,,,,,,,,,,,,,,,,,,,,,,,,,,,,,152207.00152207003,,,1082.2510822510822,,,,,,,,,,,,,,,
TRIBE,,,,,,,,,,,,,,,,,,,,,,,,,,,,,,,,,,,,,,,,,,,,,,,,,,,,,,,,,,,,,,,,,,,,,,,,,,,,,,,,,,,,,,,,,,,,,,,,,,,,,,,,,,,,,,,,,,,,,,,,,,,,,,,,,,,,,,,,,,,,,,,,,,,,,,,,,,,,,,,,,,,,,,,,,,,,,,,,,,,,,,,,,,,,,,,,,,,,,,,,,,,,,,,,,,,,,,,,
ETH,,,0.00047175151903989127,,,,3.46e-06,,,,0.000373,,,1.2345831430017654e-06,,9.95e-06,,,0.00033,,1.7016352714959075e-05,0.00025392,,0.00012571,,,,,,6.568e-05,,0.016088,,0.06435,,0.00032931,,,,,5.432125590743658e-05,0.00052959,,0.00010724,0.001848,0.000268,,,,,,,,,,,,,0.002249,0.09913,,0.00034063078007854947,0.007915,,,,9.348057146542948e-05,0.00039737573067462475,,5.449e-05,0.00705,,,,,,,,,0.0002934900961767045,,0.0007264,,,,,,,0.06429,,0.0002692,6.2e-05,0.000751,,,0.00025959,,,4.004e-05,,,,,,,,,,0.11275,,,,,,5.98e-06,,,,0.05769,0.001326,0.00035315098970564864,,,,,0.00037984,,,,,,0.002287,0.001167,0.0001569,,0.0006333,0.0030306,,,,3.897e-05,,0.025301,,,8.65e-06,0.00029343239611026014,0.0002129,,,,0.007377,,3.052e-05,,,,,,,,0.0002933273885649251,2.77e-06,,,,0.001962,,1.01e-05,,,,,,,,0.0002933067401888895,,,,,,0.001498,9.86e-06,,,,,0.003353,,6.03e-05,,,,0.00012066,,,14.043760357273262,,,0.13612,0.02966,,,0.00031173,6.432498009141866e-06,,,,,0.00011842,,,,0.000752,3.2472035326716896e-08
WNXM,,,,,,,,,,,,,,,,,,,,,,,,,,,,,,,,,,,,,,,,,,,,,,,,,,,,,,,,,,,,,,,,,,,,,,,,,,,,,,,,0.018382690858287837,,,,,,,,,,,,,,,,,,,,,,,,,,,,,,,,,,,,,,,,,,,,,,,,,,,,,,,,,,,,,,,,,,,,,,,,,,,,,,,,,,,,,,,,,,,,,,,,,,,,,,,,,,,,,,,,,,,,,,616.1429451632779,,,5.321130208056191,,,,,,,,,,,,,,,
CHR,,,,,,,,,,,,,,,,,,,,,,,,,,,,,,,,,,,,,,,,,,,,,,,,,,,,,,,,,,,,,,,,,,,,,,,,,,,,,,,,7.238508867173363,,,,,,,,,,,,,,,,,,,,,,,,,,,,,,,,,,,,,,,,,,,,,,,,,,,,,,,,,,,,,,,,,,,,,,,,,,,,,,,,,,7.215007215007215,,,,,,,,,,,,,,,,,,,,,,,,,,,,,,,,,,,,242130.75060532687,,,2088.9910173386256,,,,,,,,,,,,,,,
YGG,,,,,,,,,,,,,,,,,,,,,,,,,,,,,,,,,,,,,,,,,,,,,,,,,,,,,,,,,,,,,,,,,,,,,,,,,,,,,,,,,,,,,,,,,,,,,,,,,,,,,,,,,,,,,,,,,,,,,,,,,,,,,,,,,,,,,,,,,,,,,,,,,,,,,,,,,,,,,,,,,,,,,,,,,,,,,,,,,,,,,,,,,,,,,,,,,,,,,,,,,,,,,,,,,,,,,,,,
BLZ,,,,,,,,,,,,,,,,,,,,,,,,,,15137.753557372085,,,,,,,,,,,,,,,,,,,,,,,,,,,,,,,,,,,,,,,,,,,,,,,,,,,,,,7.175660160734787,,,,,,,,,,,,,,,,,,,,,,,,,,,,,,,,,,,,,,,,,,,,,,,,,,,,,,,,,,,,,,,,,,,,,,,,,,,,,,,,,,,,,,,,,,,,,,,,,,,,,,,,,,,,,,,,,,,,,,239808.15347721823,,,2066.115702479339,,,,,,,,,,,,,,,
TLM,,,,,,,,,,,,,,,,,,,,,,,,,,,,,,,,,,,,,,,,,,,,,,,,,,,,,,,,,,,,,,,,,,,,,,,,,,,,,,,,13.64256480218281,,,,,,,,,,,,,,,,,,,,,,,,,,,,,,,,,,,,,,,,,,,,,,,,,,,,,,,,,,,,,,,,,,,,,,,,,,,,,,,,,,13.64256480218281,,,,,,,,,,,,,,,,,,,,,,,,,,,,,,,,,,,,454545.45454545453,,,,,,,,,,,,,,,,,,
NEO,,,,,,,,,,,,,,,,,,,,,,,,,,62.11951795254068,,,,,,,,,,,,,,,0.0033681374200067366,,,,,,,,,,,,,,,,,,,,,,,,,,,,,,,,,,,,,,,0.022351363433169423,,,,,,,,,,,,,,,,,,,,,,,,,,,,,,,,,,,,,,,,,,,,,,,,,,,,,,,,,,,,,,,,,,,,,,,,,,,,,,,,,,0.029304029304029304,,,,,,,,,,,,,,,0.022276676319893073,,,,,,,,,,,,,,,,,,,,,980.3921568627451,,,8.445945945945946,,,,,,,,,,,,,,,
DOT,,,,,,,,,,,,,,,,,,,,,,,,,,,,,,,,,,,,,,,,,0.007473841554559043,,,,,,,,,,,,,,,,,,,,,0.077000077000077,,,,,0.012865045670912132,0.09026085386767758,,,,,,,,,,,,0.06495615459564794,,,,,,,,,,,,,,,,,,,,,,,,,,,,,,,,,,,,,,,,,,,,,,,,,,,,,,,,,,,,,,,,,,,,,,,,,,,,,,,,,,0.06496037417175522,,,,,,,,,,,,,,,,,,,,,,,,,,,,,,,,,,,,2174.1020958344207,,,18.740629685157423,,,,,0.0008849557522123894,,,,,,,,,,4.470012918337334e-06
LTC,,,0.007300335815447511,,,,,,,,,,,3.915702751172753e-06,,,,,,,,,,,,15.513496742165684,,,,,,,,,,,,,,,,,,,,,,,,,,,,,,,,,,,,0.006858710562414266,,,,,0.001450347358192287,0.010170870626525632,,,,,,,,,,,,0.0059136605558840925,,,,,,,,,,,,,,,,,,,,,,,,,,,,,,,,,,,,,,,,,,,,,,,,,,,,,,,,,,,,,,,,,,,,,,,,,,,,,,,,,,0.007319036814755178,,,,,,,,,,,,,,,0.0059101654846335705,,,,,,,,,,,,,,,,,,,,,282.9654782116582,,,2.1123785382340516,,,,,9.983228176663207e-05,,,,,,,,,,
STORM,,,,,,,,,,,,,,,,,,,,,,,,,,,,,,,,,,,,,,,,,,,,,,,,,,,,,,,,,,,,,,,,,,,,,,,,,,,,,,,,,,,,,,,,,,,,,,,,,,,,,,,,,,,,,,,,,,,,,,,,,,,,,,,,,,,,,,,,,,,,,,,,,,,,,,,,,,,,,,,,,,,,,,,,,,,,,,,,,,,,,,,,,,,,,,,,,,,,,,,,,,,,,,,,,,,,,,,,
ZRX,,,,,,,,,,,,,,,,,,,,,,,,,,3024.8948849027493,,,,,,,,,,,,,,,,,,,,,,,,,,,,,,,,,,,,,,,,,,,,,,,,,,,,,,1.4304105278214847,,,,,,,,,,,,,,,,,,,,,,,,,,,,,,,,,,,,,,,,,,,,,,,,,,,,,,,,,,,,,,,,,,,,,,,,,,,,,,,,,,1.430615164520744,,,,,,,,,,,,,,,,,,,,,,,,,,,,,,,,,,,,47415.8368895211,,,,,,,,,,,,,,,,,,
LEND,,,,,,,,,,,,,,,,,,,,,,,,,,,,,,,,,,,,,,,,,,,,,,,,,,,,,,,,,,,,,,,,,,,,,,,,,,,,,,,,,,,,,,,,,,,,,,,,,,,,,,,,,,,,,,,,,,,,,,,,,,,,,,,,,,,,,,,,,,,,,,,,,,,,,,,,,,,,,,,,,,,,,,,,,,,,,,,,,,,,,,,,,,,,,,,,,,,,,,,,,,,,,,,,,,,,,,,,
KSM,,,,,,,,,,,,,,,,,,,,,,,,,,,,,,,,,,,,,,,,,,,,,,,,,,,,,,,,,,,,,,,,,,,,,,,,,,,,,,,,0.004893325504012527,,,,,,,,,,,,,,,,,,,,,,,,,,,,,,,,,,,,,,,,,,,,,,,,,,,,,,,,,,,,,,,,,,,,,,,,,,,,,,,,,,0.004892846658185733,,,,,,,,,,,,,,,,,,,,,,,,,,,,,,,,,,,,163.66612111292963,,,1.4110342881332016,,,,,,,,,,,,,,,
FTM,,,,,,,,,,,,,,,,,,,,,,,,,,,,,,,,,,,,,,,,,,,,,,,,,,,,,,,,,,,,,,,,,,,,,,,,,,,,,,,,4.424974556396301,,,,,,,,,,,,,,,,,,,,,,,,,,,,,,,,,,,,,,,,,,,,,,,,,,,,,,,,,,,,,,,,,,,,,,,,,,,,,,,,,,4.407227853680036,,,,,,,,,,,,,,,,,,,,,,,,,,,,,,,,,,,,147928.99408284025,,,1273.8853503184714,,,,,,,,,,,,,,,
CTSI,,,,,,,,,,,,,,,,,,,,,,,,,,,,,,,,,,,,,,,,,,,,,,,,,,,,,,,,,,,,,,,,,,,,,,,,,,,,,,,,2.3432923257176332,,,,,,,,,,,,,,,,,,,,,,,,,,,,,,,,,,,,,,,,,,,,,,,,,,,,,,,,,,,,,,,,,,,,,,,,,,,,,,,,,,2.3404404708966227,,,,,,,,,,,,,,,,,,,,,,,,,,,,,,,,,,,,78369.90595611285,,,676.5899864682003,,,,,,,,,,,,,,,
TRY,,,,,,,,,,,,,,,,,,,6.08,,,,,2.314,,18389.0,,,,,,296.2,133.6,,,,,,,,,,,,34.04,,,,,,,,,2.1518,,,,,,,,,156.7,,,,,,98.1,,,,,,,,,,,8.685,,,0.469,,,,,,,,,,,,,,,,0.737,,,,,,,,,,,16.53,,,,,,,,,,,,,,,,,,,,,,,,,7.222e-05,11.661,,,,,,9.486,,,,,,,,,0.02301,,,0.5622,,,,2.0926,,,,8.68,0.05107,,,,,,,,,,,,,,,,,,,,,,,,,,,,,,,,,,,290701.0,,,2506.0,,,,5.74,,,,,,,,,290.5,,
ENJ,,,,,,,,,,,,,,,,,,,,,,,,,,1880.229387985334,,,,,,,,,,,,,,,,,,,,,,,,,,,,,,,,,,,,1.053740779768177,,,,,0.17611835153222966,1.2357884330202669,,,,,,,,,,,,0.8896005693443643,,,,,,,,,,,,,,,,,,,,,,,,,,,,,,,,,,,,,,,,,,,,,,,,,,,,,,,,,,,,,,,,,,,,,,,,,,,,,,,,,,0.8890469416785206,,,,,,,,,,,,,,,,,,,,,,,,,,,,,,,,,,,,29770.76510866329,,,256.60764690787784,,,,,,,,,,,,,,,
FIDA,,,,,,,,,,,,,,,,,,,,,,,,,,,,,,,,,,,,,,,,,,,,,,,,,,,,,,,,,,,,,,,,,,,,,,,,,,,,,,,,,,,,,,,,,,,,,,,,,,,,,,,,,,,,,,,,,,,,,,,,,,,,,,,,,,,,,,,,,,,,,,,,,,,,,,,,,,,,,,,,,,,,,,,,,,,,,,,,,,,,,,,,,,,,,,,,,,,,,,,,,,,,,,,,,,,,,,,,
CVC,,,,,,,,,,,,,,,,,,,,,,,,,,9231.905465288035,,,,,,,,,,,,,,,,,,,,,,,,,,,,,,,,,,,,,,,,,,,,,,,,,,,,,,4.380201489268506,,,,,,,,,,,,,,,,,,,,,,,,,,,,,,,,,,,,,,,,,,,,,,,,,,,,,,,,,,,,,,,,,,,,,,,,,,,,,,,,,,,,,,,,,,,,,,,,,,,,,,,,,,,,,,,,,,,,,,146198.83040935674,,,,,,,,,,,,,,,,,,
EOS,,,0.2546537981613996,,,,,,,,,,,,,,,,,,,,,,,539.9568034557236,,,,,,,,,,,,,,,0.029325513196480937,,,,,,,,,,,,,,,,,,,,,0.30202355783751134,,,,,,,,,,,,,,,,,,0.21195421788893598,,,,,,,,,,,,,,,,,,,,,,,,,,,,,,,,,,,,,,,,,,,,,,,,,,,,,,,,,,,,,,,,,,,,,,,,,,,,,,,,,,0.2549004613698351,,,,,,,,,,,,,,,0.2547575981453647,,,,,,,,,,,,,,,,,,,,,10141.987829614605,,,73.52941176470588,,,,,,,,,,,,,,,
KMD,,,,,,,,,,,,,,,,,,,,,,,,,,3703.7037037037035,,,,,,,,,,,,,,,,,,,,,,,,,,,,,,,,,,,,,,,,,,,,,,,,,,,,,,1.7482517482517483,,,,,,,,,,,,,,,,,,,,,,,,,,,,,,,,,,,,,,,,,,,,,,,,,,,,,,,,,,,,,,,,,,,,,,,,,,,,,,,,,,,,,,,,,,,,,,,,,,,,,,,,,,,,,,,,,,,,,,58616.647127784294,,,,,,,,,,,,,,,,,,
RUNE,,,,,,,,,,,,,,,,,,,,,,,,,,,,,,,,,,,,,,,,,,,,,,,,,,,,,,,,,,,,,,0.1892147587511826,,,,,,0.21982853374367992,,,,,,,,,,,,0.15992323684631377,,,,,,,,,,,,,,,,,,,,,,,,,,,,,,,,,,,,,,,,,,,,,,,,,,,,,,,,,,,,,,,,,,,,,,,,,,,,,,,,,,0.15992323684631377,,,,,,,,,,,,,,,,,,,,,,,,,,,,,,,,,,,,5356.186395286556,,,46.14674665436087,,,,,,,,,,,,,,,
GTO,,,,,,,,,,,,,,,,,,,,,,,,,,,,,,,,,,,,,,,,,,,,,,,,,,,,,,,,,,,,,,,,,,,,,,,,,,,,,,,,32.29974160206718,,,,,,,,,,,,,,,,,,,,,,,,,,,,,,,,,,,,,,,,,,,,,,,,,,,,,,,,,,,,,,,,,,,,,,,,,,,,,,,,,,,,,,,,,,,,,,,,,,,,,,,,,,,,,,,,,,,,,,1075268.817204301,,,,,,,,,,,,,,,,,,
ATOM,,,,,,,,,,,,,,,,,,,,,,,,,,,,,,,,,,,,,,,,,,,,,,,,,,,,,,,,,,,,,,,,,,,,,,,,,,,,,,,,0.0898391878537418,,,,,,,,,,,,,,,,,,,,,,,,,,,,,,,,,,,,,,,,,,,,,,,,,,,,,,,,,,,,,,,,,,,,,,,,,,,,,,,,,,0.08984725965858041,,,,,,,,,,,,,,,0.08962179602079226,,,,,,,,,,,,,,,,,,,,,1242.3903590508137,,,25.92016588906169,,,,,,,,,,,,,,,
TORN,,,,,,,,,,,,,,,,,,,,,,,,,,,,,,,,,,,,,,,,,,,,,,,,,,,,,,,,,,,,,,,,,,,,,,,,,,,,,,,,0.025012506253126565,,,,,,,,,,,,,,,,,,,,,,,,,,,,,,,,,,,,,,,,,,,,,,,,,,,,,,,,,,,,,,,,,,,,,,,,,,,,,,,,,,0.025031289111389236,,,,,,,,,,,,,,,,,,,,,,,,,,,,,,,,,,,,835.6313194618534,,,7.158196134574088,,,,,,,,,,,,,,,
ALGO,,,,,,,,,,,,,,,,,,,,,,,,,,,,,,,,,,,,,,,,,,,,,,,,,,,,,,,,,,,,,,,,,,,,,,,,,,,,,,,,1.1938872970391594,,,,,,,,,,,,,,,,,,,,,,,,,,,,,,,,,,,,,,,,,,,,,,,,,,,,,,,,,,,,,,,,,,,,,,,,,,,,,,,,,,1.1938872970391594,,,,,,,,,,,,,,,,,,,,,,,,,,,,,,,,,,,,25188.916876574305,,,344.3526170798898,,,,,,,,,,,,,,,
CRV,,,,,,,,,,,,,,,,,,,,,,,,,,,,,,,,,,,,,,,,,,,,,,,,,,,,,,,,,,,,,,,,,,,,,,,,,,,,,,,,0.5871990604815032,,,,,,,,,,,,,,,,,,,,,,,,,,,,,,,,,,,,,,,,,,,,,,,,,,,,,,,,,,,,,,,,,,,,,,,,,,,,,,,,,,0.5868544600938967,,,,,,,,,,,,,,,,,,,,,,,,,,,,,,,,,,,,19650.22597759874,,,169.14749661705008,,,,,,,,,,,,,,,
SOLAN,,,,,,,,,,,,,,,,,,,,,,,,,,,,,,,,,,,,,,,,,,,,,,,,,,,,,,,,,,,,,,,,,,,,,,,,,,,,,,,,,,,,,,,,,,,,,,,,,,,,,,,,,,,,,,,,,,,,,,,,,,,,,,,,,,,,,,,,,,,,,,,,,,,,,,,,,,,,,,,,,,,,,,,,,,,,,,,,,,,,,,,,,,,,,,,,,,,,,,,,,,,,,,,,,,,,,,,,
DOGE,,,,,,,,,,,,,,,,,,,,,,,,,,,,,,,,,,,,,,,,,0.46433878157503716,,,,,,,,,,,,,,,,,,,,,4.782858236081883,,,,,0.7989773090444231,5.611042531702391,,,,,,,,,,,,4.035838243603196,,,,,,,,,,,,,,,,,,,,,,,,,,,,,,,,,,,,,,,,,3.015772490123345,,,,,,,,,,,,,,,,,,,,,,,,,,,,,,,,,,,,,,,,,4.033721915211165,,,,,,,,,,,,,,,,,,,,,,,,,,,,,,,,,,,,134952.7665317139,,,,,,,,0.05498735290883097,,,,,,,,,,0.00027754880001776316
ALICE,,,,,,,,,,,,,,,,,,,,,,,,,,,,,,,,,,,,,,,,,,,,,,,,,,,,,,,,,,,,,,,,,,,,,,,,,,,,,,,,0.23878316101148547,,,,,,,,,,,,,,,,,,,,,,,,,,,,,,,,,,,,,,,,,,,,,,,,,,,,,,,,,,,,,,,,,,,,,,,,,,,,,,,,,,0.23828813801648954,,,,,,,,,,,,,,,,,,,,,,,,,,,,,,,,,,,,7991.050023973149,,,,,,,,,,,,,,,,,,
TKO,,,,,,,,,,,,,,,,,,,,,,,,,,,,,,,,,,,,,,,,,,,,,,,,,,,,,,,,,,,,,,,,,,,,,,,,,,,,,,,,0.7507507507507507,,,,,,,,,,,,,,,,,,,,,,,,,,,,,,,,,,,,,,,,,,,,,,,,,,,,,,,,,,,,,,,,,,,,,,,,,,,,,,,,,,0.75041272699985,,,,,,,,,,,,,,,,,,,,,,,,,,,,,,,,,,,,25131.94269917065,,,,,,,,,,,,,,,,,,5.157728495108926e-05
QUICK,,,,,,,,,,,,,,,,,,,,,,,,,,,,,,,,,,,,,,,,,,,,,,,,,,,,,,,,,,,,,,,,,,,,,,,,,,,,,,,,,,,,,,,,,,,,,,,,,,,,,,,,,,,,,,,,,,,,,,,,,,,,,,,,,,,,,,,,,,,,,,,,,,,,,,,,,,,,,,,,,,,,,,,,,,,,,,,,,,,,,,,,,,,,,,,,,,,,,,,,,,,,,,,,,,,,,,,,
HOLO,,,,,,,,,,,,,,,,,,,,,,,,,,,,,,,,,,,,,,,,,,,,,,,,,,,,,,,,,,,,,,,,,,,,,,,,,,,,,,,,,,,,,,,,,,,,,,,,,,,,,,,,,,,,,,,,,,,,,,,,,,,,,,,,,,,,,,,,,,,,,,,,,,,,,,,,,,,,,,,,,,,,,,,,,,,,,,,,,,,,,,,,,,,,,,,,,,,,,,,,,,,,,,,,,,,,,,,,
NANO,,,,,,,,,,,,,,,,,,,,,,,,,,443.06601683650865,,,,,,,,,,,,,,,,,,,,,,,,,,,,,,,,,,,,,,,,,,,,,,,,,,,,,,0.20939777200770585,,,,,,,,,,,,,,,,,,,,,,,,,,,,,,,,,,,,,,,,,,,,,,,,,,,,,,,,,,,,,,,,,,,,,,,,,,,,,,,,,,0.20904320923134814,,,,,,,,,,,,,,,,,,,,,,,,,,,,,,,,,,,,7007.70847932726,,,,,,,,,,,,,,,,,,
XMR,,,,,,,,,,,,,,,,,,,,,,,,,,10.063399416322834,,,,,,,,,,,,,,,,,,,,,,,,,,,,,,,,,,,,,,,,,,,,,,,,,,,,,,0.004752174119659744,,,,,,,,,,,,,,,,,,,,,,,,,,,,,,,,,,,,,,,,,,,,,,,,,,,,,,,,,,,,,,,,,,,,,,,,,,,,,,,,,,0.004752399961980801,,,,,,,,,,,,,,,,,,,,,,,,,,,,,,,,,,,,158.9572405023049,,,1.3679890560875514,,,,,,,,,,,,,,,
AR,,,,,,,,,,,,,,,,,,,,,,,,,,,,,,,,,,,,,,,,,,,,,,,,,,,,,,,,,,,,,,,,,,,,,,,,,,,,,,,,0.08962179602079226,,,,,,,,,,,,,,,,,,,,,,,,,,,,,,,,,,,,,,,,,,,,,,,,,,,,,,,,,,,,,,,,,,,,,,,,,,,,,,,,,,0.08942944017170452,,,,,,,,,,,,,,,,,,,,,,,,,,,,,,,,,,,,2995.805871779509,,,25.92016588906169,,,,,,,,,,,,,,,
EUR,,,,,,,,0.957,,,,,,,,,,,,,,,,0.2705,,2935.66,,,,,,,12.974,145.6,,,,,,,,0.947,,,3.304,,5.267,,,,,,,0.20887,,,,,,,,,23.22,,27231.06,,,,9.519,,,,,,,,,,,,,,,,,,,,,,,,,,,0.6347,,,0.0715,,,,,4.984,,,,,,1.605,,,,,,,,,,,,,,,,,,,,,39.31,,,,7.02e-06,1.95,5.42,,,,,0.9211,45.193,,,,,,0.00033,,0.002234,,,0.0545,,,,0.2032,,,,,0.00495,,,,,,,,,67.68,,,,,,,,,,,,,,,,486.4,,,,,,,,,,41238.84,,,243.28,,,,0.5573,,,,15.271,,,,,28.25,,
LINK,,,0.055014578863398805,,,,,,,,,,,,,,,,,,,,,,,126.23074981065388,,,,,,,,,,,,,,,0.006365372374283896,,,,,,,,,,,,,,,,,,,,,0.04304778303917348,,,,,0.010955302366345312,0.0502008032128514,,,,,,,,,,,,0.037091988130563795,,,,,,,,,,,,,,,,,,,,,,,,,,,,,,,,,,,,,,,,,0.041414727076948564,,,,,,,,,,,,,,,,,,,,,,,,,,,,,,,,,,,,,,,,,0.05532197388802832,,,,,,,,,,,,,,,0.055297500552975005,,,,,,,,,,,,,,,,,,,,,1774.9378771742988,,,,,,,,,,,,,,,,,,
KAVA,,,,,,,,,,,,,,,,,,,,,,,,,,,,,,,,,,,,,,,,,,,,,,,,,,,,,,,,,,,,,,,,,,,,,,,,,,,,,,,,0.25933609958506226,,,,,,,,,,,,,,,,,,,,,,,,,,,,,,,,,,,,,,,,,,,,,,,,,,,,,,,,,,,,,,,,,,,,,,,,,,,,,,,,,,0.25853154084798347,,,,,,,,,,,,,,,,,,,,,,,,,,,,,,,,,,,,8676.789587852494,,,74.51564828614009,,,,,,,,,,,,,,,
YFI,,,,,,,,,,,,,,,,,,,,,,,,,,,,,,,,,,,,,,,,,,,,,,,,,,,,,,,,,,,,,,3.658645452376875e-05,,,,,,,,,,,,,,,,,,3.0893317342952274e-05,,,,,,,,,,,,,,,,,,,,,,,,,,,,,,,,,,,,,,,,,,,,,,,,,,,,,,,,,,,,,,,,,,,,,,,,,,,,,,,,,,3.0882030950589056e-05,,,,,,,,,,,,,,,,,,,,,,,,,,,,,,,,,,,,1.5156107911488328,,,0.0088999644001424,,,,,,,,,,,,,,,
DCR,,,,,,,,,,,,,,,,,,,,,,,,,,,,,,,,,,,,,,,,,,,,,,,,,,,,,,,,,,,,,,,,,,,,,,,,,,,,,,,,0.007060650992021465,,,,,,,,,,,,,,,,,,,,,,,,,,,,,,,,,,,,,,,,,,,,,,,,,,,,,,,,,,,,,,,,,,,,,,,,,,,,,,,,,,,,,,,,,,,,,,,,,,,,,,,,,,,,,,,,,,,,,,236.63038334122103,,,,,,,,,,,,,,,,,,
BRL,,,,,,,,,,,,,,,,,,,,,,,,,,10688.06,,,,,,,77.61,688.75,,,,,,,,5.662,,,,,,,,,,,,1.2506,,,,,,,,,91.11,,,,,,,,,,,,,,,,,5.046,,,,,,,,,,,,,,,,,,,,,,,,,,,,,,,,,,,,,,,,,,,,,,,,,,,,,,,4.2e-05,6.774,,,,,,5.507,270.38,,,,,,0.00198,,0.01337,,,,,,,1.216,,,,5.047,,,,,,,,,,,,,,,,,,,,,,,,,,,,,,,,,,,,168837.0,,,1455.52,,,,3.333,,,,,,,,,168.9,,
GBP,,,,,,,,,,,,,,,,,,,,,,,,,,2515.05,,,,,,,11.058,98.15,,,,,,,,0.8068,,,,,4.475,,,,,,,0.17812,,,,,,,,,19.89,,,,,,,,,,,,9.29,,,,,,,,,,,,,,,,,,,,,,,,0.061,,,,,,,,,,,1.3679,,,,,,,,,,,,,,,,,,,,,,,,,,0.9652,,,,,,0.785,38.53,,,,,,,,,,,,,,,0.1733,,,,,,,,,,,,,,,,,,,,,,,,,,,,,,,,,,,,,,,,35318.18,,,207.39,,,,0.47513,,,,,,,,,24.07,,
AVAX,,,,,,,,,,,,,,,,,,,,,,,,,,,,,,,,,,,,,,,,,0.01017293997965412,,,,,,,,,,,,,,,,,,,,,0.10477787091366303,,,,,,,,,,,,,,,,,,0.08843296781039972,,,,,,,,,,,,,,,,,,,,,,,,,,,,,,,,,,,,,,,,,,,,,,,,,,,,,,,,,,,,,,,,,,,,,,,,,,,,,,,,,,0.08837044892188052,,,,,,,,,,,,,,,,,,,,,,,,,,,,,,,,,,,,2959.367879021041,,,25.497195308516066,,,,,,,,,,,,,,,
DATA,,,,,,,,,,,,,,,,,,,,,,,,,,18248.17518248175,,,,,,,,,,,,,,,,,,,,,,,,,,,,,,,,,,,,,,,,,,,,,,,,,,,,,,8.603630732168975,,,,,,,,,,,,,,,,,,,,,,,,,,,,,,,,,,,,,,,,,,,,,,,,,,,,,,,,,,,,,,,,,,,,,,,,,,,,,,,,,,8.5954959601169,,,,,,,,,,,,,,,,,,,,,,,,,,,,,,,,,,,,288184.43804034585,,,,,,,,,,,,,,,,,,
REP,,,,,,,,,,,,,,,,,,,,,,,,,,140.4494382022472,,,,,,,,,,,,,,,,,,,,,,,,,,,,,,,,,,,,,,,,,,,,,,,,,,,,,,0.06640106241699867,,,,,,,,,,,,,,,,,,,,,,,,,,,,,,,,,,,,,,,,,,,,,,,,,,,,,,,,,,,,,,,,,,,,,,,,,,,,,,,,,,,,,,,,,,,,,,,,,,,,,,,,,,,,,,,,,,,,,,2044.1537203597711,,,,,,,,,,,,,,,,,,
BOND,,,,,,,,,,,,,,,,,,,,,,,,,,,,,,,,,,,,,,,,,,,,,,,,,,,,,,,,,,,,,,,,,,,,,,,,,,,,,,,,,,,,,,,,,,,,,,,,,,,,,,,,,,,,,,,,,,,,,,,,,,,,,,,,,,,,,,,,,,,,,,,,,,,,,,,,,,,,,,,,,,,,,,,,,,,,,,,,,,,,,,,,,,,,,,,,,,,,,,,,,,,,,,,,,,,,,,,,
FLM,,,,,,,,,,,,,,,,,,,,,,,,,,,,,,,,,,,,,,,,,,,,,,,,,,,,,,,,,,,,,,,,,,,,,,,,,,,,,,,,2.8851702250432774,,,,,,,,,,,,,,,,,,,,,,,,,,,,,,,,,,,,,,,,,,,,,,,,,,,,,,,,,,,,,,,,,,,,,,,,,,,,,,,,,,2.880184331797235,,,,,,,,,,,,,,,,,,,,,,,,,,,,,,,,,,,,96525.09652509652,,,,,,,,,,,,,,,,,,
STX,,,,,,,,,,,,,,,,,,,,,,,,,,,,,,,,,,,,,,,,,,,,,,,,,,,,,,,,,,,,,,,,,,,,,,,,,,,,,,,,1.3182177695755337,,,,,,,,,,,,,,,,,,,,,,,,,,,,,,,,,,,,,,,,,,,,,,,,,,,,,,,,,,,,,,,,,,,,,,,,,,,,,,,,,,,,,,,,,,,,,,,,,,,,,,,,,,,,,,,,,,,,,,44130.6266548985,,,380.37276531000384,,,,,,,,,,,,,,,
CAKE,,,,,,,,,,,,,,,,,,,,,,,,,,,,,,,,,,,,,,,,,,,,,,,,,,,,,,,,,,,,,,,,,,,,0.10738831615120276,,,,,,,,,,,,0.07736943907156672,,,,,,,,,,,,,,,,,,,,,,,,,,,,,,,,,,,,,,,,,,,,,,,,,,,,,,,,,,,,,,,,,,,,,,,,,,,,,,,,,,0.07730364873222016,,,,,,,,,,,,,,,,,,,,,,,,,,,,,,,,,,,,2586.652871184687,,,22.29654403567447,,,,,,,,,,,,,,,
MCO,,,,,,,,,,,,,,,,,,,,,,,,,,,,,,,,,,,,,,,,,,,,,,,,,,,,,,,,,,,,,,,,,,,,,,,,,,,,,,,,,,,,,,,,,,,,,,,,,,,,,,,,,,,,,,,,,,,,,,,,,,,,,,,,,,,,,,,,,,,,,,,,,,,,,,,,,,,,,,,,,,,,,,,,,,,,,,,,,,,,,,,,,,,,,,,,,,,,,,,,,,,,,,,,,,,,,,,,
MBOX,,,,,,,,,,,,,,,,,,,,,,,,,,,,,,,,,,,,,,,,,,,,,,,,,,,,,,,,,,,,,,,,,,,,,,,,,,,,,,,,,,,,,,,,,,,,,,,,,,,,,,,,,,,,,,,,,,,,,,,,,,,,,,,,,,,,,,,,,,,,,,,,,,,,,,,,,,,,,,,,,,,,,,,,,,,,,,,,,,,,,,,,,,,,,,,,,,,,,,,,,,,,,,,,,,,,,,,,
YFII,,,,,,,,,,,,,,,,,,,,,,,,,,,,,,,,,,,,,,,,,,,,,,,,,,,,,,,,,,,,,,,,,,,,,,,,,,,,,,,,0.0005145806425053903,,,,,,,,,,,,,,,,,,,,,,,,,,,,,,,,,,,,,,,,,,,,,,,,,,,,,,,,,,,,,,,,,,,,,,,,,,,,,,,,,,0.0005141758275659945,,,,,,,,,,,,,,,,,,,,,,,,,,,,,,,,,,,,17.214666896195556,,,0.14830194275545008,,,,,,,,,,,,,,,
HARD,,,,,,,,,,,,,,,,,,,,,,,,,,,,,,,,,,,,,,,,,,,,,,,,,,,,,,,,,,,,,,,,,,,,,,,,,,,,,,,,1.4027212792818067,,,,,,,,,,,,,,,,,,,,,,,,,,,,,,,,,,,,,,,,,,,,,,,,,,,,,,,,,,,,,,,,,,,,,,,,,,,,,,,,,,1.3995801259622114,,,,,,,,,,,,,,,,,,,,,,,,,,,,,,,,,,,,46838.4074941452,,,403.0632809351068,,,,,,,,,,,,,,,
USDT,5.504,6.859,0.9998,0.73,0.16407,4.089979550102249e-05,0.007358,1.1368,0.02999,,0.7926,,0.1571,0.0010217322448479152,0.234,0.021088,,0.4486,0.7001,,0.03608805485384338,0.5383,0.093311,0.26655,,3407.26,54.207,0.13793,,0.13918,0.0732,44.73,15.391,169.0,,0.6984,,204.11,0.22581,0.42667,0.11512779184895233,1.1235,,0.22805,4.716,0.5703,6.248,0.03092,11.123,39.82,0.837,1.701,,0.24777,4.1832,1.3304,,,4.7713,210.29,11.121,,26.95,3.8527,32334.91,141.17,0.19813750743015654,,11.298,0.11588,14.999,,0.3461,0.7569,12.922,,,1940.35,0.7126,,,1.543,0.05411,2561.38,0.35675,47.236,0.5657,,175.7,0.1616,0.572,0.133,1.596,0.04602,,0.5501,10.878,0.12988,0.08487,3.2302,37.226,,6.552,5.908,3.5014,1.1205,0.26,6.121,238.89,1.905,2.3523,0.22603,0.04269,20.251,0.012665,0.37836,26.179,0.07468,115.6,2.8143,,,,1.8185,32.844,0.8055,0.02689,0.1964,0.7835,8.377,46.64,4.878,2.4784,,8.32e-06,2.264,6.428,0.07391,,,0.08262,1.09249,53.655,1.0907,1.14,0.018387,1.0009008107296566,0.5734,0.0003923,5.647,0.0026507,15.635,0.20337,0.09446,0.1106,,1.127,0.2411,,,0.4374,0.9995,0.005884,0.06531,,0.47007,4.164,0.06272,0.02145,0.6579,6.875687568756875e-05,80.25,0.9706,,0.04893,2.0076,1.0001,13.73,0.13992,1779.83,,340.04,3.1758,0.020936,0.1751,18.35,,564.5,7.115,6.9,0.1281,,,,,0.3807,,47864.85,,56.78,426.4,62.89,1.626,0.24683,1.0599,0.013642564802182811,,0.02363,18.126,18.12,0.25138,1.6126,,33.513,1.5982,6.885629690835227e-05
BSV,,,,,,,,,,,,,,,,,,,,,,,,,,,,,,,,,,,,,,,,,,,,,,,,,,,,,,,,,,,,,,,,,,,,,,,,,,,,,,,,,,,,,,,,,,,,,,,,,,,,,,,,,,,,,,,,,,,,,,,,,,,,,,,,,,,,,,,,,,,,,,,,,,,,,,,,,,,,,,,,,,,,,,,,,,,,,,,,,,,,,,,,,,,,,,,,,,,,,,,,,,,,,,,,,,,,,,,,
KNC,,,,,,,,,,,,,,,,,,,,,,,,,,1370.6140350877195,,,,,,,,,,,,,,,,,,,,,,,,,,,,,,,,,,,,,,,,,,,,,,,,,,,,,,0.6472491909385114,,,,,,,,,,,,,,,,,,,,,,,,,,,,,,,,,,,,,,,,,,,,,,,,,,,,,,,,,,,,,,,,,,,,,,,,,,,,,,,,,,0.6459948320413437,,,,,,,,,,,,,,,,,,,,,,,,,,,,,,,,,,,,29095.141111434394,,,,,,,,,,,,,,,,,,
RVN,,,,,,,,,,,,,,,,,,,,,,,,,,,,,,,,,,,,,,,,,2.1231422505307855,,,,,,,,,,,,,,,,,,,,,,,,,,,,,,,,,,,,,,,18.470631695603988,,,,,,,,,,,,,,,,,,,,,,,,,,,,,,,,,,,,,,,,,,,,,,,,,,,,,,,,,,,,,,,,,,,,,,,,,,,,,,,,,,18.433179723502306,,,,,,,,,,,,,,,,,,,,,,,,,,,,,,,,,,,,617283.9506172839,,,5319.148936170213,,,,,,,,,,,,,,,
MKR,,,,,,,,,,,,,,,,,,,,,,,,,,,,,,,,,,,,,,,,,,,,,,,,,,,,,,,,,,,,,,,,,,,,,,,,,,,,,,,,0.00038995780656532963,,,,,,,,,,,,,,,,,,,,,,,,,,,,,,,,,,,,,,,,,,,,,,,,,,,,,,,,,,,,,,,,,,,,,,,,,,,,,,,,,,0.000389588633362033,,,,,,,,,,,,,,,,,,,,,,,,,,,,,,,,,,,,18.946570670708603,,,0.11229646266142618,,,,,,,,,,,,,,,
REN,,,,,,,,,,,,,,,,,,,,,,,,,,,,,,,,,,,,,,,,,,,,,,,,,,,,,,,,,,,,,,,,,,,,,,,,,,,,,,,,2.799473698944598,,,,,,,,,,,,,,,,,,,,,,,,,,,,,,,,,,,,,,,,,,,,,,,,,,,,,,,,,,,,,,,,,,,,,,,,,,,,,,,,,,,,,,,,,,,,,,,,,,,,,,,,,,,,,,,,,,,,,,40617.384240454914,,,,,,,,,,,,,,,,,,
BTG,,,,,,,,,,,,,,,,,,,,,,,,,,,,,,,,,,,,,,,,,,,,,,,,,,,,,,,,,,,,,,,,,,,,,,,,,,,,,,,,0.02108814846056516,,,,,,,,,,,,,,,,,,,,,,,,,,,,,,,,,,,,,,,,,,,,,,,,,,,,,,,,,,,,,,,,,,,,,,,,,,,,,,,,,,0.021003990758244065,,,,,,,,,,,,,,,,,,,,,,,,,,,,,,,,,,,,705.2186177715091,,,,,,,,,,,,,,,,,,
WTC,,,,,,,,,,,,,,,,,,,,,,,,,,,,,,,,,,,,,,,,,,,,,,,,,,,,,,,,,,,,,,,,,,,,,,,,,,,,,,,,1.7621145374449338,,,,,,,,,,,,,,,,,,,,,,,,,,,,,,,,,,,,,,,,,,,,,,,,,,,,,,,,,,,,,,,,,,,,,,,,,,,,,,,,,,,,,,,,,,,,,,,,,,,,,,,,,,,,,,,,,,,,,,59136.60555884093,,,,,,,,,,,,,,,,,,
BKRW,,,,,,,,,,,,,,,,,,,,,,,,,,,,,,,,,,,,,,,,,,,,,,,,,,,,,,,,,,,,,,,,,,,,,,,,,,,,,,,,,,,,,,,,,,,,,,,,,,,,,,,,,,,,,,,,,,,,,,,,,,,,,,,,,,,,,,,,,,,,,,,,,,,,,,,,,,,,,,,,,,,,,,,,,,,,,,,,,,,,,,,,,,,,,,,,,,,,,,,,,,,,,,,,,,,,,,,,
DASH,,,,,,,,,,,,,,,,,,,,,,,,,,15.508684863523575,,,,,,,,,,,,,,,,,,,,,,,,,,,,,,,,,,,,,,,,,,,,,,,,,,,,,,0.005688282138794084,,,,,,,,,,,,,,,,,,,,,,,,,,,,,,,,,,,,,,,,,,,,,,,,,,,,,,,,,,,,,,,,,,,,,,,,,,,,,,,,,,0.007320644216691069,,,,,,,,,,,,,,,,,,,,,,,,,,,,,,,,,,,,272.0348204570185,,,2.110595187842972,,,,,,,,,,,,,,,
TRU,,,,,,,,,,,,,,,,,,,,,,,,,,,,,,,,,,,,,,,,,,,,,,,,,,,,,,,,,,,,,,,,,,,,,,,,,,,,,,,,6.161429451632779,,,,,,,,,,,,,,,,,,,,,,,,,,,,,,,,,,,,,,,,,,,,,,,,,,,,,,,,,,,,,,,,,,,,,,,,,,,,,,,,,,6.153846153846153,,,,,,,,,,,,,,,,,,,,,,,,,,,,,,,,,,,,206611.57024793388,,,,,,,,,,,,,,,,,,
WAN,,,,,,,,,,,,,,,,,,,,,,,,,,3707.8235076010383,,,,,,,,,,,,,,,,,,,,,,,,,,,,,,,,,,,,,,,,,,,,,,,,,,,,,,1.7418568193694477,,,,,,,,,,,,,,,,,,,,,,,,,,,,,,,,,,,,,,,,,,,,,,,,,,,,,,,,,,,,,,,,,,,,,,,,,,,,,,,,,,,,,,,,,,,,,,,,,,,,,,,,,,,,,,,,,,,,,,58445.35359438924,,,,,,,,,,,,,,,,,,
AION,,,,,,,,,,,,,,,,,,,,,,,,,,15625.0,,,,,,,,,,,,,,,,,,,,,,,,,,,,,,,,,,,,,,,,,,,,,,,,,,,,,,7.496251874062969,,,,,,,,,,,,,,,,,,,,,,,,,,,,,,,,,,,,,,,,,,,,,,,,,,,,,,,,,,,,,,,,,,,,,,,,,,,,,,,,,,,,,,,,,,,,,,,,,,,,,,,,,,,,,,,,,,,,,,251256.2814070352,,,,,,,,,,,,,,,,,,
STRAX,,,,,,,,,,,,,,,,,,,,,,,,,,1312.3359580052493,,,,,,,,,,,,,,,,,,,,,,,,,,,,,,,,,,,,,,,,,,,,,,,,,,,,,,0.6244925997626928,,,,,,,,,,,,,,,,,,,,,,,,,,,,,,,,,,,,,,,,,,,,,,,,,,,,,,,,,,,,,,,,,,,,,,,,,,,,,,,,,,0.6206554121151937,,,,,,,,,,,,,,,,,,,,,,,,,,,,,,,,,,,,20889.910173386255,,,,,,,,,,,,,,,,,,
DGB,,,,,,,,,,,,,,,,,,,,,,,,,,,,,,,,,,,,,,,,,,,,,,,,,,,,,,,,,,,,,,,,,,,,,,,,,,,,,,,,21.68726957276079,,,,,,,,,,,,,,,,,,,,,,,,,,,,,,,,,,,,,,,,,,,,,,,,,,,,,,,,,,,,,,,,,,,,,,,,,,,,,,,,,,21.659085986571366,,,,,,,,,,,,,,,,,,,,,,,,,,,,,,,,,,,,724637.6811594203,,,6253.908692933082,,,,,,,,,,,,,,,
CLV,,,,,,,,,,,,,,,,,,,,,,,,,,,,,,,,,,,,,,,,,,,,,,,,,,,,,,,,,,,,,,,,,,,,,,,,,,,,,,,,,,,,,,,,,,,,,,,,,,,,,,,,,,,,,,,,,,,,,,,,,,,,,,,,,,,,,,,,,,,,,,,,,,,,,,,,,,,,,,,,,,,,,,,,,,,,,,,,,,,,,,,,,,,,,,,,,,,,,,,,,,,,,,,,,,,,,,,,
GRT,,,,,,,,,,,,,,,,,,,,,,,,,,3844.0839547935725,,,,,,,,,,,,,,,,,,,,,,,,,,,,,,,,,,,,1.5715857300015716,,,,,,,,,,,,,,,,,,1.815541031227306,,,,,,,,,,,,,,,,,,,,,,,,,,,,,,,,,,,,,,,,,,,,,,,,,,,,,,,,,,,,,,,,,,,,,,,,,,,,,,,,,,1.8135654697134567,,,,,,,,,,,,,,,,,,,,,,,,,,,,,,,,,,,,64808.81399870382,,,,,,,,,,,,,,,,,,
SUSHI,,,,,,,,,,,,,,,,,,,,,,,,,,,,,,,,,,,,,,,,,,,,,,,,,,,,,,,,,,,,,,,,,,,,,,,,,,,,,,,,0.09189487226612755,,,,,,,,,,,,,,,,,,,,,,,,,,,,,,,,,,,,,,,,,,,,,,,,,,,,,,,,,,,,,,,,,,,,,,,,,,,,,,,,,,0.13347570742124934,,,,,,,,,,,,,,,,,,,,,,,,,,,,,,,,,,,,4468.275245755139,,,38.52080123266564,,,,,,,,,,,,,,,
DNT,,,,,,,,,,,,,,,,,,,,,,,,,,,,,,,,,,,,,,,,,,,,,,,,,,,,,,,,,,,,,,,,,,,,,,,,,,,,,,,,7.68344218209758,,,,,,,,,,,,,,,,,,,,,,,,,,,,,,,,,,,,,,,,,,,,,,,,,,,,,,,,,,,,,,,,,,,,,,,,,,,,,,,,,,7.644091117566122,,,,,,,,,,,,,,,,,,,,,,,,,,,,,,,,,,,,257069.40874035988,,,,,,,,,,,,,,,,,,
VET,,,,,,,,,,,,,,,,,,,,,,,,,,24943.87627837366,,,,,,,,,,,,,,,1.3550135501355014,,,,,,,,,,,,,,,,,,,,,13.94700139470014,,,,,,16.339869281045754,,,,,,,,,,,,11.778563015312132,,,,,,,,,,,,,,,,,,,,,,,,,,,,,,,,,,,,,,,,,,,,,,,,,,,,,,,,,,,,,,,,,,,,,,,,,,,,,,,,,,11.77301624676242,,,,,,,,,,,,,,,,,,,,,,,,,,,,,,,,,,,,393700.78740157484,,,3394.4331296673454,,,,,,,,,,,,,,,
SRM,,,,,,,,,,,,,,,,,,,,,,,,,,,,,,,,,,,,,,,,,,,,,,,,,,,,,,,,,,,,,,,,,,,,,,,,,,,,,,,,0.309319805747162,,,,,,,,,,,,,,,,,,,,,,,,,,,,,,,,,,,,,,,,,,,,,,,,,,,,,,,,,,,,,,,,,,,,,,,,,,,,,,,,,,0.3091190108191654,,,,,,,,,,,,,,,,,,,,,,,,,,,,,,,,,,,,10347.682119205298,,,89.17424647761726,,,,,,,,,,,,,,,
TRB,,,,,,,,,,,,,,,,,,,,,,,,,,,,,,,,,,,,,,,,,,,,,,,,,,,,,,,,,,,,,,,,,,,,,,,,,,,,,,,,0.026826912758879707,,,,,,,,,,,,,,,,,,,,,,,,,,,,,,,,,,,,,,,,,,,,,,,,,,,,,,,,,,,,,,,,,,,,,,,,,,,,,,,,,,0.02674726509214433,,,,,,,,,,,,,,,,,,,,,,,,,,,,,,,,,,,,898.4725965858041,,,,,,,,,,,,,,,,,,
FARM,,,,,,,,,,,,,,,,,,,,,,,,,,,,,,,,,,,,,,,,,,,,,,,,,,,,,,,,,,,,,,,,,,,,,,,,,,,,,,,,,,,,,,,,,,,,,,,,,,,,,,,,,,,,,,,,,,,,,,,,,,,,,,,,,,,,,,,,,,,,,,,,,,,,,,,,,,,,,,,,,,,,,,,,,,,,,,,,,,,,,,,,,,,,,,,,,,,,,,,,,,,,,,,,,,,,,,,,
INJ,,,,,,,,,,,,,,,,,,,,,,,,,,,,,,,,,,,,,,,,,,,,,,,,,,,,,,,,,,,,,,,,,,,,,,,,,,,,,,,,0.15241579027587257,,,,,,,,,,,,,,,,,,,,,,,,,,,,,,,,,,,,,,,,,,,,,,,,,,,,,,,,,,,,,,,,,,,,,,,,,,,,,,,,,,0.15236934328813043,,,,,,,,,,,,,,,,,,,,,,,,,,,,,,,,,,,,5099.959200326397,,,43.956043956043956,,,,,,,,,,,,,,,
LUNA,,,,,,,,,,,,,,,,,,,,,,,,,,,,,,,,,,,,,,,,,,,,,,,,,,,,,,,,,,,,,,0.20032051282051283,,,,,,,,,,,,,,,,,,0.16906170752324598,,,,,,,,,,,,,,,,,,,,,,,,,,,,,,,,,,,,,,,,,,,,,,,,,,,,,,,,,,,,,,,,,,,,,,,,,,,,,,,,,,0.16900456312320433,,,,,,,,,,,,,,,,,,,,,,,,,,,,,,,,,,,,5655.468838366701,,,48.732943469785575,,,,,,,,,,,,,,,
ANT,,,,,,,,,,,,,,,,,,,,,,,,,,,,,,,,,,,,,,,,,,,,,,,,,,,,,,,,,,,,,,,,,,,,,,,,,,,,,,,,0.28503021320259947,,,,,,,,,,,,,,,,,,,,,,,,,,,,,,,,,,,,,,,,,,,,,,,,,,,,,,,,,,,,,,,,,,,,,,,,,,,,,,,,,,0.28481913984619767,,,,,,,,,,,,,,,,,,,,,,,,,,,,,,,,,,,,9532.888465204956,,,82.16926869350863,,,,,,,,,,,,,,,
CTK,,,,,,,,,,,,,,,,,,,,,,,,,,,,,,,,,,,,,,,,,,,,,,,,,,,,,,,,,,,,,,,,,,,,,,,,,,,,,,,,0.89126559714795,,,,,,,,,,,,,,,,,,,,,,,,,,,,,,,,,,,,,,,,,,,,,,,,,,,,,,,,,,,,,,,,,,,,,,,,,,,,,,,,,,0.8907098957869422,,,,,,,,,,,,,,,,,,,,,,,,,,,,,,,,,,,,29850.746268656716,,,256.4760194921775,,,,,,,,,,,,,,,
KEEP,,,,,,,,,,,,,,,,,,,,,,,,,,,,,,,,,,,,,,,,,,,,,,,,,,,,,,,,,,,,,,,,,,,,,,,,,,,,,,,,3.8431975403535743,,,,,,,,,,,,,,,,,,,,,,,,,,,,,,,,,,,,,,,,,,,,,,,,,,,,,,,,,,,,,,,,,,,,,,,,,,,,,,,,,,3.838771593090211,,,,,,,,,,,,,,,,,,,,,,,,,,,,,,,,,,,,128700.1287001287,,,1107.4197120708748,,,,,,,,,,,,,,,
UNFI,,,,,,,,,,,,,,,,,,,,,,,,,,,,,,,,,,,,,,,,,,,,,,,,,,,,,,,,,,,,,,,,,,,,,,,,,,,,,,,,0.16318537859007834,,,,,,,,,,,,,,,,,,,,,,,,,,,,,,,,,,,,,,,,,,,,,,,,,,,,,,,,,,,,,,,,,,,,,,,,,,,,,,,,,,0.16318537859007834,,,,,,,,,,,,,,,,,,,,,,,,,,,,,,,,,,,,5454.347114650377,,,46.838407494145194,,,,,,,,,,,,,,,
AAVE,,,,,,,,,,,,,,,,,,,,,,,,,,8.85896527285613,,,,,,,,,,,,,,,,,,,,,,,,,,,,,,,,,,,,,,,,,,,,,,,,,,,,,,0.00418322526668061,,,,,,,,,,,,,,,,,,,,,,,,,,,,,,,,,,,,,,,,,,,,,,,,,,,,,,,,,,,,,,,,,,,,,,,,,,,,,,,,,,0.004181825785137791,,,,,,,,,,,,,,,,,,,,,,,,,,,,,,,,,,,,152.41579027587258,,,1.2058362474375979,,,,,,,,,,,,,,,
SXP,,,,,,,,,,,,,,,,,,,,,,,,,,,,,,,,,,,,,,,,,0.060386473429951695,,,,,,,,,,,,,,,,,,,,,0.6211180124223602,,,,,,0.7283321194464676,,,,,,,,,,,,0.5246589716684156,,,,,,,,,,,,,,,,,,,,,,,,,,,,,,,,,,,,,,,,,0.3924646781789639,,,,,,,,,,,,,,,,,,,,,,,,,,,,,,,,,,,,,,,,,0.5245764045533232,,,,,,,,,,,,,,,,,,,,,,,,,,,,,,,,,,,,17556.1797752809,,,151.285930408472,,,,,,,,,,,,,,,3.6091962319991336e-05
AVA,,,,,,,,,,,,,,,,,,,,,,,,,,,,,,,,,,,,,,,,,,,,,,,,,,,,,,,,,,,,,,,,,,,,,,,,,,,,,,,,0.4228508605015011,,,,,,,,,,,,,,,,,,,,,,,,,,,,,,,,,,,,,,,,,,,,,,,,,,,,,,,,,,,,,,,,,,,,,,,,,,,,,,,,,,0.4228151029554776,,,,,,,,,,,,,,,,,,,,,,,,,,,,,,,,,,,,14184.397163120566,,,121.95121951219511,,,,,,,,,,,,,,,
FET,,,,,,,,,,,,,,,,,,,,,,,,,,,,,,,,,,,,,,,,,,,,,,,,,,,,,,,,,,,,,,,,,,,,,,,,,,,,,,,,4.414621225498852,,,,,,,,,,,,,,,,,,,,,,,,,,,,,,,,,,,,,,,,,,,,,,,,,,,,,,,,,,,,,,,,,,,,,,,,,,,,,,,,,,,,,,,,,,,,,,,,,,,,,,,,,,,,,,,,,,,,,,147710.48744460856,,,1261.034047919294,,,,,,,,,,,,,,,
BTS,,,,,,,,,,,,,,,,,,,,,,,,,,,,,,,,,,,,,,,,,,,,,,,,,,,,,,,,,,,,,,,,,,,,,,,,,,,,,,,,23.386342376052387,,,,,,,,,,,,,,,,,,,,,,,,,,,,,,,,,,,,,,,,,,,,,,,,,,,,,,,,,,,,,,,,,,,,,,,,,,,,,,,,,,,,,,,,,,,,,,,,,,,,,,,,,,,,,,,,,,,,,,781250.0,,,,,,,,,,,,,,,,,,
BAL,,,,,,,,,,,,,,,,,,,,,,,,,,,,,,,,,,,,,,,,,,,,,,,,,,,,,,,,,,,,,,,,,,,,,,,,,,,,,,,,0.04933155739726703,,,,,,,,,,,,,,,,,,,,,,,,,,,,,,,,,,,,,,,,,,,,,,,,,,,,,,,,,,,,,,,,,,,,,,,,,,,,,,,,,,0.04925137903861308,,,,,,,,,,,,,,,,,,,,,,,,,,,,,,,,,,,,2119.54217888936,,,,,,,,,,,,,,,,,,
SC,,,,,,,,,,,,,,,,,,,,,,,,,,166666.66666666666,,,,,,,,,,,,,,,,,,,,,,,,,,,,,,,,,,,,,,,,,,,,,,,,,,,,,,78.7773751378604,,,,,,,,,,,,,,,,,,,,,,,,,,,,,,,,,,,,,,,,,,,,,,,,,,,,,,,,,,,,,,,,,,,,,,,,,,,,,,,,,,78.24726134585289,,,,,,,,,,,,,,,,,,,,,,,,,,,,,,,,,,,,2631578.947368421,,,22624.43438914027,,,,,,,,,,,,,,,
TFUEL,,,,,,,,,,,,,,,,,,,,,,,,,,,,,,,,,,,,,,,,,,,,,,,,,,,,,,,,,,,,,,,,,,,,,,,,,,,,,,,,2.6411008108179486,,,,,,,,,,,,,,,,,,,,,,,,,,,,,,,,,,,,,,,,,,,,,,,,,,,,,,,,,,,,,,,,,,,,,,,,,,,,,,,,,,,,,,,,,,,,,,,,,,,,,,,,,,,,,,,,,,,,,,88417.32979664014,,,,,,,,,,,,,,,,,,
FTT,,,,,,,,,,,,,,,,,,,,,,,,,,,,,,,,,,,,,,,,,,,,,,,,,,,,,,,,,,,,,,,,,,,,,,,,,,,,,,,,0.038144644491913335,,,,,,,,,,,,,,,,,,,,,,,,,,,,,,,,,,,,,,,,,,,,,,,,,,,,,,,,,,,,,,,,,,,,,,,,,,,,,,,,,,0.03808073115003808,,,,,,,,,,,,,,,,,,,,,,,,,,,,,,,,,,,,1276.9761205465459,,,10.964912280701753,,,,,,,,,,,,,,,
IRIS,,,,,,,,,,,,,,,,,,,,,,,,,,,,,,,,,,,,,,,,,,,,,,,,,,,,,,,,,,,,,,,,,,,,,,,,,,,,,,,,13.365410318096766,,,,,,,,,,,,,,,,,,,,,,,,,,,,,,,,,,,,,,,,,,,,,,,,,,,,,,,,,,,,,,,,,,,,,,,,,,,,,,,,,,,,,,,,,,,,,,,,,,,,,,,,,,,,,,,,,,,,,,446428.5714285714,,,,,,,,,,,,,,,,,,
ZEC,,,,,,,,,,,,,,,,,,,,,,,,,,17.289073305670815,,,,,,,,,,,,,,,,,,,,,,,,,,,,,,,,,,,,,,,,,,,,,,,,,,,,,,0.008643042350907518,,,,,,,,,,,,,,,,,,,,,,,,,,,,,,,,,,,,,,,,,,,,,,,,,,,,,,,,,,,,,,,,,,,,,,,,,,,,,,,,,,0.008168599901976801,,,,,,,,,,,,,,,0.008628127696289905,,,,,,,,,,,,,,,,,,,,,413.564929693962,,,2.3518344308560675,,,,,,,,,,,,,,,
RLC,,,,,,,,,,,,,,,,,,,,,,,,,,751.3148009015778,,,,,,,,,,,,,,,,,,,,,,,,,,,,,,,,,,,,,,,,,,,,,,,,,,,,,,0.35498757543485976,,,,,,,,,,,,,,,,,,,,,,,,,,,,,,,,,,,,,,,,,,,,,,,,,,,,,,,,,,,,,,,,,,,,,,,,,,,,,,,,,,0.3534817956875221,,,,,,,,,,,,,,,,,,,,,,,,,,,,,,,,,,,,11877.89523696401,,,,,,,,,,,,,,,,,,
AUD,,,,,,,,,,,,,,,,,,,,,,,,,,2828.32,,,,,,,,,,,,,,,,,,,,,,,,,,,,0.33064,,,,,,,,,24.106,,,,,,,,,,,,,,,,,,,,,,,,,,,,,,,,,,,,,,,,,,,,,,,2.542,,,,,,,,,,,,,,,,,,,,,,,,,,1.793,,,,,,1.458,,,,,,,,,,,,,,,,,,,,,,,,,,,,,,,,,,,,,,,,,,,,,,,,,,,,,,,,44700.01,,,385.14,,,,0.8826,,,,,,,,,,,
WAXP,,,,,,,,,,,,,,,,,,,,,,,,,,,,,,,,,,,,,,,,,,,,,,,,,,,,,,,,,,,,,,,,,,,,,,,,,,,,,,,,,,,,,,,,,,,,,,,,,,,,,,,,,,,,,,,,,,,,,,,,,,,,,,,,,,,,,,,,,,,,,,,,,,,,,,,,,,,,,,,,,,,,,,,,,,,,,,,,,,,,,,,,,,,,,,,,,,,,,,,,,,,,,,,,,,,,,,,,
ILV,,,,,,,,,,,,,,,,,,,,,,,,,,,,,,,,,,,,,,,,,,,,,,,,,,,,,,,,,,,,,,,,,,,,,,,,,,,,,,,,,,,,,,,,,,,,,,,,,,,,,,,,,,,,,,,,,,,,,,,,,,,,,,,,,,,,,,,,,,,,,,,,,,,,,,,,,,,,,,,,,,,,,,,,,,,,,,,,,,,,,,,,,,,,,,,,,,,,,,,,,,,,,,,,,,,,,,,,
BAKE,,,,,,,,,,,,,,,,,,,,,,,,,,,,,,,,,,,,,,,,,,,,,,,,,,,,,,,,,,,,,,,,,,,,,,,,,,,,,,,,0.5494203615185979,,,,,,,,,,,,,,,,,,,,,,,,,,,,,,,,,,,,,,,,,,,,,,,,,,,,,,,,,,,,,,,,,,,,,,,,,,,,,,,,,,0.549299642955232,,,,,,,,,,,,,,,,,,,,,,,,,,,,,,,,,,,,18348.623853211007,,,158.07777426493834,,,,,,,,,,,,,,,
NMR,,,,,,,,,,,,,,,,,,,,,,,,,,,,,,,,,,,,,,,,,,,,,,,,,,,,,,,,,,,,,,,,,,,,,,,,,,,,,,,,0.03038128512836093,,,,,,,,,,,,,,,,,,,,,,,,,,,,,,,,,,,,,,,,,,,,,,,,,,,,,,,,,,,,,,,,,,,,,,,,,,,,,,,,,,0.030354541039339482,,,,,,,,,,,,,,,,,,,,,,,,,,,,,,,,,,,,1078.7486515641856,,,8.76424189307625,,,,,,,,,,,,,,,
MIOTA,,,,,,,,,,,,,,,,,,,,,,,,,,2616.1573880284636,,,,,,,,,,,,,,,,,,,,,,,,,,,,,,,,,,,,,,,,,,,,,,,,,,,,,,1.240233163834801,,,,,,,,,,,,,,,,,,,,,,,,,,,,,,,,,,,,,,,,,,,,,,,,,,,,,,,,,,,,,,,,,,,,,,,,,,,,,,,,,,1.2390038409119069,,,,,,,,,,,,,,,,,,,,,,,,,,,,,,,,,,,,41493.77593360996,,,358.03795202291445,,,,,,,,,,,,,,,
CELR,,,,,,,,,,,,,,,,,,,,,,,,,,,,,,,,,,,,,,,,,,,,,,,,,,,,,,,,,,,,,,,,,,,,,,,,,,,,,,,,37.13330857779428,,,,,,,,,,,,,,,,,,,,,,,,,,,,,,,,,,,,,,,,,,,,,,,,,,,,,,,,,,,,,,,,,,,,,,,,,,,,,,,,,,37.05075954057058,,,,,,,,,,,,,,,,,,,,,,,,,,,,,,,,,,,,1234567.9012345679,,,10695.187165775402,,,,,,,,,,,,,,,
BZRX,,,,,,,,,,,,,,,,,,,,,,,,,,,,,,,,,,,,,,,,,,,,,,,,,,,,,,,,,,,,,,,,,,,,,,,,,,,,,,,,5.083884087442806,,,,,,,,,,,,,,,,,,,,,,,,,,,,,,,,,,,,,,,,,,,,,,,,,,,,,,,,,,,,,,,,,,,,,,,,,,,,,,,,,,5.08130081300813,,,,,,,,,,,,,,,,,,,,,,,,,,,,,,,,,,,,165016.50165016504,,,,,,,,,,,,,,,,,,
STORJ,,,,,,,,,,,,,,,,,,,,,,,,,,,,,,,,,,,,,,,,,,,,,,,,,,,,,,,,,,,,,,,,,,,,,,,,,,,,,,,,1.2746972594008923,,,,,,,,,,,,,,,,,,,,,,,,,,,,,,,,,,,,,,,,,,,,,,,,,,,,,,,,,,,,,,,,,,,,,,,,,,,,,,,,,,,,,,,,,,,,,,,,,,,,,,,,,,,,,,,,,,,,,,42643.923240938166,,,,,,,,,,,,,,,,,,
XTZ,,,,,,,,,,,,,,,,,,,,,,,,,,,,,,,,,,,,,,,,,,,,,,,,,,,,,,,,,,,,,,,,,,,,,,,,,,,,,,,,0.11927480916030533,,,,,,,,,,,,,,,,,,,,,,,,,,,,,,,,,,,,,,,,,,,,,,,,,,,,,,,,,,,,,,,,,,,,,,,,,,,,,,,,,,0.3414717432132491,,,,,,,,,,,,,,,,,,,,,,,,,,,,,,,,,,,,5702.554744525547,,,98.52216748768474,,,,,,,,,,,,,,,
ICP,,,,,,,,,,,,,,,,,,,,,,,,,,,,,,,,,,,,,,,,,,,,,,,,,,,,,,,,,,,,,,0.0253613999492772,,,,,,,,,,,,,,,,,,0.021427040925648167,,,,,,,,,,,,,,,,,,,,,,,,,,,,,,,,,,,,,,,,,,,,,,,,,,,,,,,,,,,,,,,,,,,,,,,,,,,,,,,,,,0.021422450728363324,,,,,,,,,,,,,,,,,,,,,,,,,,,,,,,,,,,,717.3601147776184,,,6.184291898577612,,,,,,,,,,,,,,,
FIRO,,,,,,,,,,,,,,,,,,,,,,,,,,433.8394793926247,,,,,,,,,,,,,,,,,,,,,,,,,,,,,,,,,,,,,,,,,,,,,,,,,,,,,,0.20449897750511248,,,,,,,,,,,,,,,,,,,,,,,,,,,,,,,,,,,,,,,,,,,,,,,,,,,,,,,,,,,,,,,,,,,,,,,,,,,,,,,,,,,,,,,,,,,,,,,,,,,,,,,,,,,,,,,,,,,,,,6844.626967830253,,,,,,,,,,,,,,,,,,
LSK,,,,,,,,,,,,,,,,,,,,,,,,,,848.1764206955047,,,,,,,,,,,,,,,,,,,,,,,,,,,,,,,,,,,,,,,,,,,,,,,,,,,,,,0.4024306813151434,,,,,,,,,,,,,,,,,,,,,,,,,,,,,,,,,,,,,,,,,,,,,,,,,,,,,,,,,,,,,,,,,,,,,,,,,,,,,,,,,,,,,,,,,,,,,,,,,,,,,,,,,,,,,,,,,,,,,,13477.088948787063,,,,,,,,,,,,,,,,,,
ADX,,,,,,,,,,,,,,,,,,,,,,,,,,6357.279084551812,,,,,,,,,,,,,,,,,,,,,,,,,,,,,,,,,,,,,,,,,,,,,,,,,,,,,,,,,,,,,,,,,,,,,,,,,,,,,,,,,,,,,,,,,,,,,,,,,,,,,,,,,,,,,,,,,,,,,,,,,,,,,,,,,,,,,,,,,,,,,,,,,,,,,,,,,,,,,,,,,,,,,,,,,,,,100300.90270812438,,,,,,,,,,,,,,,,,,
SHIB,,,,,,,,,,,,,,,,,,,,,,,,,,,,,,,,,,,,,,,,,13819.789939192924,,,,,,,,,,,,,,,,,,,,,142247.5106685633,,,,,23764.25855513308,,,,,,,,,,,,,120048.01920768307,,,,,,,,,,,,,,,,,,,,,,,,,,,,,,,,,,,,,,,,,,,,,,,,,,,,,,,,,,,,,,,,,,,,,,,,,,,,,,,,,,120192.30769230769,,,,,,,,,,,,,,,,,,,,,,,,,,,,,,,,,,,,,,,,,,,,1636.6612111292961,,,,,,,,,,
ADA,,,0.7438815740534107,,,,,,,,,,,,,,,,,,,,,,,1577.3865859044733,,,,,,,,,,,,,,,0.08569714628502871,,,,,,,,,,,,,,,,,,,,,0.5125576627370579,,,,,0.14744913005013272,1.0347682119205297,,,,,,,,,,,,0.44150110375275936,,,,,,,,,,,,,,,,,,,,,,,,,,,,,,,,,,,,,,,,,0.5567928730512249,,,,,,,,,,,,,,,,,,,,,,,,,,,,,,,,,,,,,,,,,0.7444353457902182,,,,,,,,,,,,,,,0.7441029838529652,,,,,,,,,,,,,,,,,,,,,21141.649048625794,,,214.73051320592657,,,,,0.010147133434804667,,,,,,,,,,5.120065536838871e-05
THETA,,,,,,,,,,,,,,,,,,,,,,,,,,329.4024639304302,,,,,,,,,,,,,,,,,,,,,,,,,,,,,,,,,,,,0.1841620626151013,,,,,,,,,,,,,,,,,,0.15549681231534754,,,,,,,,,,,,,,,,,,,,,,,,,,,,,,,,,,,,,,,,,,,,,,,,,,,,,,,,,,,,,,,,,,,,,,,,,,,,,,,,,,0.155448468832582,,,,,,,,,,,,,,,,,,,,,,,,,,,,,,,,,,,,5204.809243741217,,,44.861154726122656,,,,,,,,,,,,,,,
ANKR,,,,,,,,,,,,,,,,,,,,,,,,,,,,,,,,,,,,,,,,,,,,,,,,,,,,,,,,,,,,,,,,,,,,,,,,,,,,,,,,13.517166801838334,,,,,,,,,,,,,,,,,,,,,,,,,,,,,,,,,,,,,,,,,,,,,,,,,,,,,,,,,,,,,,,,,,,,,,,,,,,,,,,,,,,,,,,,,,,,,,,,,,,,,,,,,,,,,,,,,,,,,,452488.6877828054,,,3897.116134060795,,,,,,,,,,,,,,,
SYS,,,,,,,,,,,,,,,,,,,,,,,,,,,,,,,,,,,,,,,,,,,,,,,,,,,,,,,,,,,,,,,,,,,,,,,,,,,,,,,,,,,,,,,,,,,,,,,,,,,,,,,,,,,,,,,,,,,,,,,,,,,,,,,,,,,,,,,,,,,,,,,,,,,,,,,,,,,,,,,,,,9.562057754828839,,,,,,,,,,,,,,,,,,,,,,,,,,,,,,,,,,,,319488.81789137376,,,,,,,,,,,,,,,,,,
ALPACA,,,,,,,,,,,,,,,,,,,,,,,,,,,,,,,,,,,,,,,,,,,,,,,,,,,,,,,,,,,,,,,,,,,,,,,,,,,,,,,,,,,,,,,,,,,,,,,,,,,,,,,,,,,,,,,,,,,,,,,,,,,,,,,,,,,,,,,,,,,,,,,,,,,,,,,,,,,,,,,,,,,,,,,,,,,,,,,,,,,,,,,,,,,,,,,,,,,,,,,,,,,,,,,,,,,,,,,,
ZIL,,,,,,,,,,,,,,,,,,,,,,,,,,25601.63850486431,,,,,,,,,,,,,,,,,,,,,,,,,,,,,,,,,,,,,,,,,,,,,,,,,,,,,,12.0962864400629,,,,,,,,,,,,,,,,,,,,,,,,,,,,,,,,,,,,,,,,,,,,,,,,,,,,,,,,,,,,,,,,,,,,,,,,,,,,,,,,,,12.094823415578132,,,,,,,,,,,,,,,,,,,,,,,,,,,,,,,,,,,,404858.29959514167,,,3485.535029627048,,,,,,,,,,,,,,,0.0008324315325064514
MATIC,,,,,,,,,,,,,,,,,,,,,,,,,,,,,,,,,,,,,,,,,0.10520778537611783,,,,,,,,,,,,,,,,,,,,,1.0844810758052272,,,,,0.18102824040550325,1.2706480304955527,,,,,,,,,,,,0.91505540660487,,,,,,,,,,,,,,,,,,,,,,,,,,,,,,,,,,,,,,,,,0.6844626967830253,,,,,,,,,,,,,,,,,,,,,,,,,,,,,,,,,,,,,,,,,0.9145532864472349,,,,,,,,,,,,,,,,,,,,,,,,,,,,,,,,,,,,30618.49357011635,,,263.9358108108108,,,,,0.012468827930174562,,,,,,,,,,6.298815822625347e-05
ETC,,,,,,,,,,,,,,,,,,,,,,,,,,39.46641408161655,,,,,,,,,,,,,,,,,,,,,,,,,,,,,,,,,,,,0.022073593360263117,,,,,0.003689900741670049,0.0259000259000259,,,,,,,,,,,,0.018635160821437888,,,,,,,,,,,,,,,,,,,,,,,,,,,,,,,,,,,,,,,,,,,,,,,,,,,,,,,,,,,,,,,,,,,,,,,,,,,,,,,,,,0.018634813558690348,,,,,,,,,,,,,,,,,,,,,,,,,,,,,,,,,,,,893.6550491510277,,,5.371434710211098,,,,,,,,,,,,,,,
BEL,,,,,,,,,,,,,,,,,,,,,,,,,,,,,,,,,,,,,,,,,,,,,,,,,,,,,,,,,,,,,,,,,,,,,,,,,,,,,,,,0.9155832265152902,,,,,,,,,,,,,,,,,,,,,,,,,,,,,,,,,,,,,,,,,,,,,,,,,,,,,,,,,,,,,,,,,,,,,,,,,,,,,,,,,,0.91000091000091,,,,,,,,,,,,,,,,,,,,,,,,,,,,,,,,,,,,30637.254901960787,,,263.85224274406335,,,,,,,,,,,,,,,
POLS,,,,,,,,,,,,,,,,,,,,,,,,,,,,,,,,,,,,,,,,,,,,,,,,,,,,,,,,,,,,,,,,,,,,,,,,,,,,,,,,0.8764241893076249,,,,,,,,,,,,,,,,,,,,,,,,,,,,,,,,,,,,,,,,,,,,,,,,,,,,,,,,,,,,,,,,,,,,,,,,,,,,,,,,,,0.8748906386701663,,,,,,,,,,,,,,,,,,,,,,,,,,,,,,,,,,,,29299.73630237328,,,250.62656641604013,,,,,,,,,,,,,,,
IOTX,,,,,,,,,,,,,,,,,,,,,,,,,,114942.5287356322,,,,,,,,,,,,,,,,,,,,,,,,,,,,,,,,,,,,,,,,,,,,,,,,,,,,,,54.274084124830395,,,,,,,,,,,,,,,,,,,,,,,,,,,,,,,,,,,,,,,,,,,,,,,,,,,,,,,,,,,,,,,,,,,,,,,,,,,,,,,,,,54.28881650380022,,,,,,,,,,,,,,,,,,,,,,,,,,,,,,,,,,,,1818181.8181818181,,,,,,,,,,,,,,,,,,
DAI,,,,,,,,,,,,,,,,,,,,,,,,,,3406.76,,,,,,,,,,,,,,,,,,,,,,,,,,,,,,,,,,,,,,,,,,,,,,,,,,,,,,0.999,,,,,,,,,,,,,,,,,,,,,,,,,,,,,,,,,,,,,,,,,,,,,,,,,,,,,,,,,,,,,,,,,,,,,,,,,,,,,,,,,,0.9992,,,,,,,,,,,,,,,,,,,,,,,,,,,,,,,,,,,,33411.67,,,288.08,,,,,,,,,,,,,,,
BAT,,,,,,,,,,,,,,,,,,,,,,,,,,4688.232536333802,,,,,,,,,,,,,,,,,,,,,,,,,,,,,,,,,,,,,,,,,,,,,,,,,,,,,,1.7421602787456447,,,,,,,,,,,,,,,,,,,,,,,,,,,,,,,,,,,,,,,,,,,,,,,,,,,,,,,,,,,,,,,,,,,,,,,,,,,,,,,,,,1.7406440382941688,,,,,,,,,,,,,,,,,,,,,,,,,,,,,,,,,,,,58309.03790087464,,,502.51256281407035,,,,,,,,,,,,,,,
WIN,,,,,,,,,,,,,,,,,,,,,,,,,,,,,,,,,,,,,,,,,,,,,,,,,,,,,,,,,,,,,,3012.0481927710844,,,,,504.5408678102927,,,,,,,,,,,,,2547.1217524197655,,,,,,,,,,,,,,,,,,,,,,,,,,,,,,,,,,,,,,,,,,,,,,,,,,,,,,,,,,,,,,,,,,,,,,,,,,165.016501650165,,,,,,,,2543.881963876876,,,,,,,,,,,,,,,2543.881963876876,,,,,,,,,,,,,,,,,,,,,,,,735294.1176470589,,,,,,,,,,,,,,,
AXS,,,,,,,,,,,,,,,,,,,,,,,,,,,,,,,,,,,,,,,,,,,,,,,,,,,,,,,,,,,,,,,,,,,,,,,,,,,,,,,,0.17694417411306732,,,,,,,,,,,,,,,,,,,,,,,,,,,,,,,,,,,,,,,,,,,,,,,,,,,,,,,,,,,,,,,,,,,,,,,,,,,,,,,,,,0.17669717637912147,,,,,,,,,,,,,,,,,,,,,,,,,,,,,,,,,,,,5923.1179292779725,,,50.973595677439086,,,,,,,,,,,,,,,
BTT,,,376.2085700312253,,,,,,,,,,,,,,,,,,,,,,,,,,,,,,,,,,,,,,43.421623968736434,,,,,,,,,,,,,,,,,,,,,447.0272686633885,,,,,74.6825989544436,,,,,,,,,,,,,377.2161448509996,,,,,,,,,,,,,,,,,,,,,,,,,,,,,,,,,,,,,,,,,,,,,,,,,,,,,,,,,,,,,,,,,,,,,,,,,,24.39619419370578,,,,,,,,376.9317753486619,,,,,,,,,,,,,,,376.5769158350593,,,,,,,,,,,,,,,,,,,,,,,,108813.9281828074,,,,,,,,,,,,,,,
WAVES,,,,,,,,,,,,,,,,,,,,,,,,,,135.3912808015164,,,,,,,,,,,,,,,,,,,,,,,,,,,,,,,,,,,,,,,,,,,,,,,,,,,,,,0.06391001469930338,,,,,,,,,,,,,,,,,,,,,,,,,,,,,,,,,,,,,,,,,,,,,,,,,,,,,,,,,,,,,,,,,,,,,,,,,,,,,,,,,,0.06386919588682378,,,,,,,,,,,,,,,,,,,,,,,,,,,,,,,,,,,,2139.03743315508,,,18.395879323031643,,,,,,,,,,,,,,,
HBAR,,,,,,,,,,,,,,,,,,,,,,,,,,,,,,,,,,,,,,,,,,,,,,,,,,,,,,,,,,,,,,,,,,,,,,,,,,,,,,,,4.912797838368951,,,,,,,,,,,,,,,,,,,,,,,,,,,,,,,,,,,,,,,,,,,,,,,,,,,,,,,,,,,,,,,,,,,,,,,,,,,,,,,,,,4.911350130150778,,,,,,,,,,,,,,,,,,,,,,,,,,,,,,,,,,,,164473.68421052632,,,1416.6312508853946,,,,,,,,,,,,,,,
TRX,,,15.429717636167256,,,,,,,,,,,0.02,,,,,,,,,,,,32711.808963035655,,,,,,,,,,,,,,,1.7784101013693756,,,,,,,,,,,,,,,,,,,,,18.281535648994517,,,,,,,,,,,,,,,,,,10.584250635055039,,,,,,,,,,,,,,,,,,,,,,,,,,,,,,,,,,,,,,,,,,,,,,,,,,,,,,,,,,,,,,,,,,,,,0.00605,,0.0409,,,,,,,,,,,15.439246564767641,,,,,,,,,,,,,,,10.574177857671566,,,,,,,,,,,,,,,,,,,,,515463.91752577317,,,4456.32798573975,,,,10.196798205363516,,,,,,,,,,,
DUSK,,,,,,,,,,,,,,,,,,,,,,,,,,,,,,,,,,,,,,,,,,,,,,,,,,,,,,,,,,,,,,,,,,,,,,,,,,,,,,,,9.025270758122744,,,,,,,,,,,,,,,,,,,,,,,,,,,,,,,,,,,,,,,,,,,,,,,,,,,,,,,,,,,,,,,,,,,,,,,,,,,,,,,,,,,,,,,,,,,,,,,,,,,,,,,,,,,,,,,,,,,,,,302114.80362537765,,,,,,,,,,,,,,,,,,
ERD,,,,,,,,,,,,,,,,,,,,,,,,,,,,,,,,,,,,,,,,,,,,,,,,,,,,,,,,,,,,,,,,,,,,,,,,,,,,,,,,,,,,,,,,,,,,,,,,,,,,,,,,,,,,,,,,,,,,,,,,,,,,,,,,,,,,,,,,,,,,,,,,,,,,,,,,,,,,,,,,,,,,,,,,,,,,,,,,,,,,,,,,,,,,,,,,,,,,,,,,,,,,,,,,,,,,,,,,
DIA,,,,,,,,,,,,,,,,,,,,,,,,,,,,,,,,,,,,,,,,,,,,,,,,,,,,,,,,,,,,,,,,,,,,,,,,,,,,,,,,0.8841732979664014,,,,,,,,,,,,,,,,,,,,,,,,,,,,,,,,,,,,,,,,,,,,,,,,,,,,,,,,,,,,,,,,,,,,,,,,,,,,,,,,,,0.8841732979664014,,,,,,,,,,,,,,,,,,,,,,,,,,,,,,,,,,,,29585.798816568047,,,,,,,,,,,,,,,,,,
CHZ,,,,,,,,,,,,,,,,,,,,,,,,,,,,,,,,,,,,,,,,,0.4772586264496731,,,,,,,,,,,,,,,,,,,,,4.909180166912126,,,,,0.8210180623973727,5.76036866359447,,,,,,,,,,,,4.145421382083489,,,,,,,,,,,,,,,,,,,,,,,,,,,,,,,,,,,,,,,,,,,,,,,,,,,,,,,,,,,,,,,,,,,,,,,,,,,,,,,,,,4.142502071251036,,,,,,,,,,,,,,,,,,,,,,,,,,,,,,,,,,,,138696.25520110957,,,1195.3143676786995,,,,,,,,,,,,,,,
QNT,,,,,,,,,,,,,,,,,,,,,,,,,,,,,,,,,,,,,,,,,,,,,,,,,,,,,,,,,,,,,,,,,,,,,,,,,,,,,,,,,,,,,,,,,,,,,,,,,,,,,,,,,,,,,,,,,,,,,,,,,,,,,,,,,,,,,,,,,,,,,,,,,,,,,,,,,,,,,,,,,,,,,,,,,,,,,,,,,,,,,,,,,,,,,,,,,,,,,,,,,,,,,,,,,,,,,,,,
VAI,,,,,,,,,,,,,,,,,,,,,,,,,,,,,,,,,,,,,,,,,,,,,,,,,,,,,,,,,,,,,,,,,,,,,,,,,,,,,,,,,,,,,,,,,,,,,,,,,,,,,,,,,,,,,,,,,,,,,,,,,,,,,,,,,,,,,,,,,,,,,,,,,,,,,,,,,,,,,,,,,,1.1183,,,,,,,,,,,,,,,,,,,,,,,,,,,,,,,,,,,,37232.79,,,,,,,,,,,,,,,,,,
OCEAN,,,,,,,,,,,,,,,,,,,,,,,,,,,,,,,,,,,,,,,,,,,,,,,,,,,,,,,,,,,,,,,,,,,,,,,,,,,,,,,,2.2831050228310503,,,,,,,,,,,,,,,,,,,,,,,,,,,,,,,,,,,,,,,,,,,,,,,,,,,,,,,,,,,,,,,,,,,,,,,,,,,,,,,,,,2.281021897810219,,,,,,,,,,,,,,,,,,,,,,,,,,,,,,,,,,,,76452.59938837921,,,657.030223390276,,,,,,,,,,,,,,,
BUSD,5.503,6.864,0.9999,0.729,,4.0781371069695365e-05,,1.1363,,,0.7926,,0.1572,0.002097095522701059,0.2338,0.02109,,0.4483,0.6997,,,0.5381,0.09334,0.26646,,3409.15,,0.1376,,,0.0731,34.089,15.389,136.52,,0.6981,,204.18,0.2259,0.42621,0.11507479861910243,1.1234,,,3.9197,,6.245,,11.119,39.72,0.8368,1.702,,0.24771,4.1851,1.3299,,,4.7704,210.1,11.115,,18.06,3.85,32362.72,,0.19809825673534073,,11.3,0.11594,,,0.3457,,12.93,,,1938.76,0.7111,1.0004001600640255,,1.543,0.05409,2561.85,,47.321,,,136.42,0.1614,,,1.5979,0.04601,,0.5506,7.483,0.12991,0.08486,3.2287,37.246,,6.549,5.912,3.4993,1.1189,0.2599,6.115,238.89,1.9038,2.3518,,,20.245,0.01262,,26.16,,122.31,2.811,,,,1.8186,32.818,0.8058,0.02685,0.1963,,2.9227,46.58,,,,8.31e-06,1.3427,6.426,,0.10404,,0.08254,1.0926,53.63,1.0911,1.14,0.01839,1.0007004903432404,0.5733,0.0003915,5.6456,0.0026496,15.634,0.20342,0.0647,,,1.125,0.241,,0.8938946992044337,0.4373,,0.00588,,,0.47005,4.163,0.06272,0.02144,,,80.24,0.9673,,0.04892,2.0058,1.0,13.731,0.14,,,340.01,3.1769,0.02091,,18.33,,494.02,7.111,6.9,0.1278,,,,,,,47888.53,,56.76,288.51,62.9,1.6248,0.24679,0.661,0.013643309321108927,,0.02363,18.125,18.128,0.25115,1.613,,33.505,,6.888001102080176e-05
HOT,,,,,,,,,,,,,,,,,,,,,,,,,,358422.93906810036,,,,,,,,,,,,,,,19.54270080125073,,,,,,,,,,,,,,,,,,,,,200.80321285140562,,,,,,,,,,,,,,,,,,169.69285593076532,,,,,,,,,,,,,,,,,,,,,,,,,,,,,,,,,,,,,,,,,,,,,,,,,,,,,,,,,,,,,,,,,,,,,,,,,,,,,,,,,,169.49152542372883,,,,,,,,,,,,,,,,,,,,,,,,,,,,,,,,,,,,,,,48947.62604013705,,,,,,,,,,,,,,,
PERL,,,,,,,,,,,,,,,,,,,,,,,,,,,,,,,,,,,,,,,,,,,,,,,,,,,,,,,,,,,,,,,,,,,,,,,,,,,,,,,,15.288182235132243,,,,,,,,,,,,,,,,,,,,,,,,,,,,,,,,,,,,,,,,,,,,,,,,,,,,,,,,,,,,,,,,,,,,,,,,,,,,,,,,,,,,,,,,,,,,,,,,,,,,,,,,,,,,,,,,,,,,,,510204.0816326531,,,4411.1160123511245,,,,,,,,,,,,,,,
MINA,,,,,,,,,,,,,,,,,,,,,,,,,,,,,,,,,,,,,,,,,,,,,,,,,,,,,,,,,,,,,,,,,,,,,,,,,,,,,,,,,,,,,,,,,,,,,,,,,,,,,,,,,,,,,,,,,,,,,,,,,,,,,,,,,,,,,,,,,,,,,,,,,,,,,,,,,,,,,,,,,,,,,,,,,,,,,,,,,,,,,,,,,,,,,,,,,,,,,,,,,,,,,,,,,,,,,,,,
ATA,,,,,,,,,,,,,,,,,,,,,,,,,,,,,,,,,,,,,,,,,,,,,,,,,,,,,,,,,,,,,,,,,,,,,,,,,,,,,,,,2.1231873288180214,,,,,,,,,,,,,,,,,,,,,,,,,,,,,,,,,,,,,,,,,,,,,,,,,,,,,,,,,,,,,,,,,,,,,,,,,,,,,,,,,,2.1240441801189465,,,,,,,,,,,,,,,,,,,,,,,,,,,,,,,,,,,,71073.20540156361,,,612.9328838492186,,,,,,,,,,,,,,,
OMG,,,,,,,,,,,,,,,,,,,,,,,,,,508.38840874428064,,,,,,,,,,,,,,,,,,,,,,,,,,,,,,,,,,,,,,,,,,,,,,,,,,,,,,0.24011909907314027,,,,,,,,,,,,,,,,,,,,,,,,,,,,,,,,,,,,,,,,,,,,,,,,,,,,,,,,,,,,,,,,,,,,,,,,,,,,,,,,,,0.23944066660281582,,,,,,,,,,,,,,,,,,,,,,,,,,,,,,,,,,,,2939.4473838918284,,,,,,,,,,,,,,,,,,
ONE,,,,,,,,,,,,,,,,,,,,,,,,,,,,,,,,,,,,,,,,,,,,,,,,,,,,,,,,,,,,,,,,,,,,,,,,,,,,,,,,15.928639694170117,,,,,,,,,,,,,,,,,,,,,,,,,,,,,,,,,,,,,,,,,,,,,,,,,,,,,,,,,,,,,,,,,,,,,,,,,,,,,,,,,,15.90836780146357,,,,,,,,,,,,,,,,,,,,,,,,,,,,,,,,,,,,531914.8936170213,,,4587.155963302752,,,,,,,,,,,,,,,
XVG,,,,,,,,,,,,,,,,,,,,,,,,,,98522.16748768474,,,,,,,,,,,,,,,,,,,,,,,,,,,,,,,,,,,,,,,,,,,,,,,,,,,,,,46.44681839294008,,,,,,,,,,,,,,,,,,,,,,,,,,,,,,,,,,,,,,,,,,,,,,,,,,,,,,,,,,,,,,,,,,,,,,,,,,,,,,,,,,46.40371229698376,,,,,,,,,,,,,,,,,,,,,,,,,,,,,,,,,,,,1538461.5384615385,,,,,,,,,,,,,,,,,,
OGN,,,,,,,,,,,,,,,,,,,,,,,,,,,,,,,,,,,,,,,,,,,,,,,,,,,,,,,,,,,,,,,,,,,,,,,,,,,,,,,,1.5186028853454823,,,,,,,,,,,,,,,,,,,,,,,,,,,,,,,,,,,,,,,,,,,,,,,,,,,,,,,,,,,,,,,,,,,,,,,,,,,,,,,,,,,,,,,,,,,,,,,,,,,,,,,,,,,,,,,,,,,,,,50813.008130081296,,,438.4042086804033,,,,,,,,,,,,,,,
IDRT,,,,,,,,,,,,,,,,,,,,,,,,,,,,,,,,,,,,,,,,,,,,,,,,,,,,,,,,,,,,,,,,,,,,,,,,,,,,,,,,14511.0,,,,,,,,,,,,,,,,,,,,,,,,,,,,,,,,,,,,,,,,,,,,,,,,,,,,,,,,,,,,,,,,,,,,,,,,,,,,,,,,,,,,,,,,,,,,,,,,,,,,,,,,,,,,,,,,,,,,,,484504910.0,,,4169655.0,,,,,,,,,,,,,,,
EGLD,,,,,,,,,,,,,,,,,,,,,,,,,,,,,,,,,,,,,,,,,,,,,,,,,,,,,,,,,,,,,,0.014755791648221928,,,,,,,,,,,,,,,,,,0.012448649321548612,,,,,,,,,,,,,,,,,,,,,,,,,,,,,,,,,,,,,,,,,,,,,,,,,,,,,,,,,,,,,,,,,,,,,,,,,,,,,,,,,,0.012444001991040319,,,,,,,,,,,,,,,,,,,,,,,,,,,,,,,,,,,,416.49312786339027,,,3.5893754486719307,,,,,,,,,,,,,,,
KLAY,,,,,,,,,,,,,,,,,,,,,,,,,,,,,,,,,,,,,,,,,,,,,,,,,,,,,,,,,,,,,,,,,,,,,,,,,,,,,,,,1.0285949393128986,,,,,,,,,,,,,,,,,,,,,,,,,,,,,,,,,,,,,,,,,,,,,,,,,,,,,,,,,,,,,,,,,,,,,,,,,,,,,,,,,,1.0280662074637608,,,,,,,,,,,,,,,,,,,,,,,,,,,,,,,,,,,,34352.45620061834,,,296.6478789676654,,,,,,,,,,,,,,,
GNO,,,,,,,,,,,,,,,,,,,,,,,,,,,,,,,,,,,,,,,,,,,,,,,,,,,,,,,,,,,,,,,,,,,,,,,,,,,,,,,,,,,,,,,,,,,,,,,,,,,,,,,,,,,,,,,,,,,,,,,,,,,,,,,,,,,,,,,,,,,,,,,,,,,,,,,,,,,,,,,,,,,,,,,,,,,,,,,,,,,,,,,,,,,,,,,,,,,,,,,,,,,,,,,,,,,,,,,,
JST,,,,,,,,,,,,,,,,,,,,,,,,,,,,,,,,,,,,,,,,,,,,,,,,,,,,,,,,,,,,,,,,,,,,,,,,,,,,,,,,20.403999183840032,,,,,,,,,,,,,,,,,,,,,,,,,,,,,,,,,,,,,,,,,,,,,,,,,,,,,,,,,,,,,,,,,,,,,,,,,,,,,,,,,,20.37489812550937,,,,,,,,,,,,,,,,,,,,,,,,,,,,,,,,,,,,680272.1088435375,,,5882.35294117647,,,,,,,,,,,,,,,
NEAR,,,,,,,,,,,,,,,,,,,,,,,,,,,,,,,,,,,,,,,,,,,,,,,,,,,,,,,,,,,,,,,,,,,,,,,,,,,,,,,,0.49780963759458385,,,,,,,,,,,,,,,,,,,,,,,,,,,,,,,,,,,,,,,,,,,,,,,,,,,,,,,,,,,,,,,,,,,,,,,,,,,,,,,,,,0.4971167230065619,,,,,,,,,,,,,,,,,,,,,,,,,,,,,,,,,,,,16638.93510815308,,,143.26647564469914,,,,,,,,,,,,,,,
USDC,,,,,,,,,,,,,,,,,,,,,,,,,,3407.87,,,,,,44.66,,169.0,,,,,,,,,,,3.9184,,,,11.102,,,,,,,,,,,,,,18.059,,,,,,,,,,,,,,,,,0.9998000399920016,,,,,,,,,,,,,,,,,,,,,,,,,,,,,,,,,,,,,,,115.5,,,,,,,,,,,,,,,,,1.342,,,,,,,,,,,,,0.0003918,,0.0026414,,,0.09447,,,,,,,,0.9999000099990001,,,,,,,,,,,,,,,,,,,,,,,,,,493.63,,,,,,,,,,47883.28,,,288.4,,,,0.6604,,,,,,,,,,,
WING,,,,,,,,,,,,,,,,,,,,,,,,,,,,,,,,,,,,,,,,,,,,,,,,,,,,,,,,,,,,,,,,,,,,,,,,,,,,,,,,0.07252157516861267,,,,,,,,,,,,,,,,,,,,,,,,,,,,,,,,,,,,,,,,,,,,,,,,,,,,,,,,,,,,,,,,,,,,,,,,,,,,,,,,,,0.07249003262051468,,,,,,,,,,,,,,,,,,,,,,,,,,,,,,,,,,,,2433.0900243309,,,21.008403361344538,,,,,,,,,,,,,,,
COTI,,,,,,,,,,,,,,,,,,,,,,,,,,,,,,,,,,,,,,,,,,,,,,,,,,,,,,,,,,,,,,,,,,,,,,,,,,,,,,,,7.139287499107589,,,,,,,,,,,,,,,,,,,,,,,,,,,,,,,,,,,,,,,,,,,,,,,,,,,,,,,,,,,,,,,,,,,,,,,,,,,,,,,,,,7.122507122507122,,,,,,,,,,,,,,,,,,,,,,,,,,,,,,,,,,,,238663.48448687352,,,2060.5810838656503,,,,,,,,,,,,,,,
PAXG,,,,,,,,,,,,,,,,,,,,,,,,,,,,,,,,,,,,,,,,,,,,,,,,,,,,,,,,,,,,,,,,,,,,,,,,,,,,,,,,0.000561611600649223,,,,,,,,,,,,,,,,,,,,,,,,,,,,,,,,,,,,,,,,,,,,,,,,,,,,,,,,,,,,,,,,,,,,,,,,,,,,,,,,,,,,,,,,,,,,,,,,,,,,,,,,,,,,,,,,,,,,,,18.78287002253944,,,0.16194331983805668,,,,,,,,,,,,,,,
USDP,,,,,,,,,,,,,,,,,,,,,,,,,,,,,,,,,,,,,,,,,,,,,,,,,,,,,,,,,,,,,,,,,,,,,,,,,,,,,,,,,,,,,,,,,,,,,,,,,,,,,,,,,,,,,,,,,,,,,,,,,,,,,,,,,,,,,,,,,,,,,,,,,,,,,,,,,,,,,,,,,,,,,,,,,,,,,,,,,,,,,,,,,,,,,,,,,,,,,,,,,,,,,,,,,,,,,,,,
COMP,,,,,,,,,,,,,,,,,,,,,,,,,,,,,,,,,,,,,,,,,,,,,,,,,,,,,,,,,,,,,,,,,,,,,,,,,,,,,,,,0.0029379792578664394,,,,,,,,,,,,,,,,,,,,,,,,,,,,,,,,,,,,,,,,,,,,,,,,,,,,,,,,,,,,,,,,,,,,,,,,,,,,,,,,,,0.002937634029552598,,,,,,,,,,,,,,,,,,,,,,,,,,,,,,,,,,,,144.92753623188406,,,,,,,,,,,,,,,,,,
BNT,,,,,,,,,,,,,,,,,,,,,,,,,,663.5700066357,,,,,,,,,,,,,,,,,,,,,,,,,,,,,,,,,,,,,,,,,,,,,,,,,,,,,,0.31477226226824895,,,,,,,,,,,,,,,,,,,,,,,,,,,,,,,,,,,,,,,,,,,,,,,,,,,,,,,,,,,,,,,,,,,,,,,,,,,,,,,,,,0.3140999466030091,,,,,,,,,,,,,,,,,,,,,,,,,,,,,,,,,,,,12525.050100200402,,,,,,,,,,,,,,,,,,
STMX,,,,,,,,,,,,,,,,,,,,,,,,,,100908.17356205852,,,,,,,,,,,,,,,,,,,,,,,,,,,,,,,,,,,,,,,,,,,,,,,,,,,,,,47.70537162484496,,,,,,,,,,,,,,,,,,,,,,,,,,,,,,,,,,,,,,,,,,,,,,,,,,,,,,,,,,,,,,,,,,,,,,,,,,,,,,,,,,47.460844803037496,,,,,,,,,,,,,,,,,,,,,,,,,,,,,,,,,,,,1587301.5873015872,,,13698.630136986301,,,,,,,,,,,,,,,
ARDR,,,,,,,,,,,,,,,,,,,,,,,,,,,,,,,,,,,,,,,,,,,,,,,,,,,,,,,,,,,,,,,,,,,,,,,,,,,,,,,,5.692815666628714,,,,,,,,,,,,,,,,,,,,,,,,,,,,,,,,,,,,,,,,,,,,,,,,,,,,,,,,,,,,,,,,,,,,,,,,,,,,,,,,,,,,,,,,,,,,,,,,,,,,,,,,,,,,,,,,,,,,,,190114.06844106465,,,,,,,,,,,,,,,,,,
LPT,,,,,,,,,,,,,,,,,,,,,,,,,,,,,,,,,,,,,,,,,,,,,,,,,,,,,,,,,,,,,,,,,,,,,,,,,,,,,,,,0.054318305268875614,,,,,,,,,,,,,,,,,,,,,,,,,,,,,,,,,,,,,,,,,,,,,,,,,,,,,,,,,,,,,,,,,,,,,,,,,,,,,,,,,,0.054288816503800214,,,,,,,,,,,,,,,,,,,,,,,,,,,,,,,,,,,,1821.161901293025,,,15.673981191222571,,,,,,,,,,,,,,,
AVALA,,,,,,,,,,,,,,,,,,,,,,,,,,,,,,,,,,,,,,,,,,,,,,,,,,,,,,,,,,,,,,,,,,,,,,,,,,,,,,,,,,,,,,,,,,,,,,,,,,,,,,,,,,,,,,,,,,,,,,,,,,,,,,,,,,,,,,,,,,,,,,,,,,,,,,,,,,,,,,,,,,,,,,,,,,,,,,,,,,,,,,,,,,,,,,,,,,,,,,,,,,,,,,,,,,,,,,,,
BCH,,,0.0020215905874742244,,,,,,,,,,,,,,,,,,,,,,,,,,,,,,,,,,,,,,,,,,,,,,,,,,,,,,,,,,,0.002054653790836244,,,,,,,,,,,,,,,,,,0.0017711654268508677,,,,,,,,,,,,,,,,,,,,,,,,,,,,,,,,,,,,,,,,,,,,,,,,,,,,,,,,,,,,,,,,,,,,,,,,,,,,,,,,,,0.002022653721682848,,,,,,,,,,,,,,,0.002021263694061527,,,,,,,,,,,,,,,,,,,,,84.74576271186442,,,0.5834305717619603,,,,,,,,,,,,,,,
QTUM,,,,,,,,,,,,,,,,,,,,,,,,,,297.3535533749628,,,,,,,,,,,,,,,,,,,,,,,,,,,,,,,,,,,,,,,,,,,,,,,,,,,,,,0.14039028499227854,,,,,,,,,,,,,,,,,,,,,,,,,,,,,,,,,,,,,,,,,,,,,,,,,,,,,,,,,,,,,,,,,,,,,,,,,,,,,,,,,,0.14039028499227854,,,,,,,,,,,,,,,,,,,,,,,,,,,,,,,,,,,,4699.248120300752,,,,,,,,,,,,,,,,,,
GTC,,,,,,,,,,,,,,,,,,,,,,,,,,,,,,,,,,,,,,,,,,,,,,,,,,,,,,,,,,,,,,,,,,,,,,,,,,,,,,,,0.14450867052023122,,,,,,,,,,,,,,,,,,,,,,,,,,,,,,,,,,,,,,,,,,,,,,,,,,,,,,,,,,,,,,,,,,,,,,,,,,,,,,,,,,0.14388489208633093,,,,,,,,,,,,,,,,,,,,,,,,,,,,,,,,,,,,4835.58994197292,,,41.44218814753419,,,,,,,,,,,,,,,
XEM,,,,,,,,,,,,,,,,,,,,,,,,,,16471.750947125678,,,,,,,,,,,,,,,,,,,,,,,,,,,,,,,,,,,,,,,,,,,,,,,,,,,,,,7.79423226812159,,,,,,,,,,,,,,,,,,,,,,,,,,,,,,,,,,,,,,,,,,,,,,,,,,,,,,,,,,,,,,,,,,,,,,,,,,,,,,,,,,7.770007770007769,,,,,,,,,,,,,,,,,,,,,,,,,,,,,,,,,,,,260416.6666666667,,,,,,,,,,,,,,,,,,
POLY,,,,,,,,,,,,,,,,,,,,,,,,,,,,,,,,,,,,,,,,,,,,,,,,,,,,,,,,,,,,,,,,,,,,,,,,,,,,,,,,,,,,,,,,,,,,,,,,,,,,,,,,,,,,,,,,,,,,,,,,,,,,,,,,,,,,,,,,,,,,,,,,,,,,,,,,,,,,,,,,,,,,,,,,,,,,,,,,,,,,,,,,,,,,,,,,,,,,,,179533.21364452425,,,,,,,,,,,,,,,,,,
C98,,,,,,,,,,,,,,,,,,,,,,,,,,,,,,,,,,,,,,,,,,,,,,,,,,,,,,,,,,,,,,,,,,,,,,,,,,,,,,,,,,,,,,,,,,,,,,,,,,,,,,,,,,,,,,,,,,,,,,,,,,,,,,,,,,,,,,,,,,,,,,,,,,,,,,,,,,,,,,,,,,,,,,,,,,,,,,,,,,,,,,,,,,,,,,,,,,,,,,,,,,,,,,,,,,,,,,,,
BCPT,,,,,,,,,,,,,,,,,,,,,,,,,,,,,,,,,,,,,,,,,,,,,,,,,,,,,,,,,,,,,,,,,,,,,,,,,,,,,,,,,,,,,,,,,,,,,,,,,,,,,,,,,,,,,,,,,,,,,,,,,,,,,,,,,,,,,,,,,,,,,,,,,,,,,,,,,,,,,,,,,,,,,,,,,,,,,,,,,,,,,,,,,,,,,,,,,,,,,,,,,,,,,,,,,,,,,,,,
ELF,,,,,,,,,,,,,,,,,,,,,,,,,,8212.203334154554,,,,,,,,,,,,,,,,,,,,,,,,,,,,,,,,,,,,,,,,,,,,,,,,,,,,,,,,,,,,,,,,,,,,,,,,,,,,,,,,,,,,,,,,,,,,,,,,,,,,,,,,,,,,,,,,,,,,,,,,,,,,,,,,,,,,,,,,,,,,,,,,,,,,,,,,,,,,,,,,,,,,,,,,,,,,130378.0964797914,,,,,,,,,,,,,,,,,,
NULS,,,,,,,,,,,,,,,,,,,,,,,,,,,,,,,,,,,,,,,,,,,,,,,,,,,,,,,,,,,,,,,,,,,,,,,,,,,,,,,,2.622606871230003,,,,,,,,,,,,,,,,,,,,,,,,,,,,,,,,,,,,,,,,,,,,,,,,,,,,,,,,,,,,,,,,,,,,,,,,,,,,,,,,,,,,,,,,,,,,,,,,,,,,,,,,,,,,,,,,,,,,,,87873.46221441125,,,,,,,,,,,,,,,,,,
FLOW,,,,,,,,,,,,,,,,,,,,,,,,,,,,,,,,,,,,,,,,,,,,,,,,,,,,,,,,,,,,,,,,,,,,,,,,,,,,,,,,,,,,,,,,,,,,,,,,,,,,,,,,,,,,,,,,,,,,,,,,,,,,,,,,,,,,,,,,,,,,,,,,,,,,,,,,,,,,,,,,,,,,,,,,,,,,,,,,,,,,,,,,,,,,,,,,,,,,,,,,,,,,,,,,,,,,,,,,
BTC,0.0001761,0.000226,2.9863957726970557e-05,2.181e-05,4.9e-06,,,3.394e-05,8.9e-07,,2.367e-05,2e-07,4.69e-06,3.0416819625248354e-08,6.98e-06,6.3e-07,,1.339e-05,2.091e-05,,1.0772077912285124e-06,1.608e-05,2.78e-06,6.56e-06,,0.071205,0.001615,4.12e-06,,4.16e-06,2.18e-06,0.001018,0.0004597,0.003533,,2.108e-05,,0.006098,6.74e-06,1.274e-05,3.4366741242495162e-06,3.355e-05,,6.8e-06,9.85e-05,1.702e-05,0.00018657,9.2e-07,0.0008043,0.00119,3.967e-05,5.08e-05,,7.4e-06,0.00012493,3.969e-05,,,0.0001425,0.006283,0.0003325,2.424553942688394e-05,0.0005633,0.00011505,0.6594,0.004215,5.9173698474502055e-06,2.82949225044515e-05,0.00033761,3.46e-06,0.000488,,1.033e-05,2.259e-05,0.0003861,,,0.05795,2.127e-05,2.0892153450360033e-05,,3.434e-05,1.61e-06,0.05271,2.458e-05,0.001413,1.69e-05,,0.003672,4.82e-06,1.702e-05,3.97e-06,4.767e-05,1.37e-06,,1.541e-05,0.0002236,3.88e-06,2.53e-06,9.644e-05,0.001111,,0.00019571,0.00017665,0.0001045,3.344e-05,7.75e-06,0.00018251,0.006557,5.691e-05,7.03e-05,6.75e-06,1.27e-06,0.0004711,3.7e-07,1.13e-05,0.0007825,2.22e-06,0.002416,8.405e-05,2.235489604638015e-05,,,5.43e-05,0.000925,2.408e-05,8e-07,6.04e-06,2.34e-05,0.0001752,0.001393,0.0001456,7.41e-05,9.95e-06,,4.729e-05,0.00019202,2.2e-06,3.11e-06,,2.46e-06,3.263e-05,0.001118,3.26e-05,3.408e-05,5.4e-07,2.9882082314976866e-05,1.713e-05,,0.00016839,,0.0004672,6.07e-06,1.93e-06,3.3e-06,,3.37e-05,7.2e-06,,2.655939504072352e-05,1.306e-05,2.0881822665715012e-05,,1.94e-06,,1.403e-05,0.0003401,1.87e-06,6.4e-07,1.964e-05,2.053401051652634e-09,0.002396,2.897e-05,,1.46e-06,6e-05,2.087883178760382e-05,0.000409,4.18e-06,0.05315,,0.00688,7.968e-05,6.2e-07,5.23e-06,0.0005478,,0.01179,0.0002125,0.0002061,3.82e-06,5.56e-06,,,7.64e-06,1.136e-05,,,,0.001443,0.00862,0.0018787,4.857e-05,7.36e-06,1.974e-05,4.0740200555859295e-07,,7e-07,0.0005412,0.0005409,8.64e-06,4.816e-05,,0.00100103,4.781e-05,2.0560374867445977e-09
GALA,,,,,,,,,,,,,,,,,,,,,,,,,,,,,,,,,,,,,,,,,,,,,,,,,,,,,,,,,,,,,,,,,,,,,,,,,,,,,,,,,,,,,,,,,,,,,,,,,,,,,,,,,,,,,,,,,,,,,,,,,,,,,,,,,,,,,,,,,,,,,,,,,,,,,,,,,,,,,,,,,,,,,,,,,,,,,,,,,,,,,,,,,,,,,,,,,,,,,,,,,,,,,,,,,,,,,,,,
FIL,,,,,,,,,,,,,,,,,,,,,,,,,,,,,,,,,,,,,,,,,,,,,,,,,,,,,,,,,,,,,,,,,,,,,,,,,,,,,,,,0.017608733932030288,,,,,,,,,,,,,,,,,,,,,,,,,,,,,,,,,,,,,,,,,,,,,,,,,,,,,,,,,,,,,,,,,,,,,,,,,,,,,,,,,,0.01760253476500616,,,,,,,,,,,,,,,,,,,,,,,,,,,,,,,,,,,,692.5207756232687,,,5.076657528683115,,,,,,,,,,,,,,,
BNB,0.01904,0.02369,0.0034555444210235325,,,,2.549e-05,0.003933,0.0001039,,0.002737,,0.0005422,2.0590960568310512e-05,0.0008059,7.3e-05,,0.0015519,0.002424,,0.00012497344314333205,,,0.000923,,7.342683016374183,0.18687,0.0004784,,0.000482,,0.1181,0.05332,0.473,,,,0.7072,0.000782,0.001477,0.00039888312724371757,0.003887,,,0.01358,,0.02164,,0.03849,0.1376,0.0029,0.005884,,,,,,,,0.727,0.03842,0.004108632236328526,,0.01332,111.98,,0.0006862805652206735,0.0048195093739457325,0.03909,,,,,0.002622,0.04479,,,6.713,0.002458,0.0023446658851113715,,,0.0001871,8.858,,,,,0.472,,,,,0.0001587,,,0.02594,,0.0002941,0.01117,,,0.02272,0.02049,0.01211,0.003878,0.000899,0.02116,0.8285,0.0066,0.00815,0.000784,,,4.39e-05,,0.0907,,0.4226,,0.0025924869727529617,,,0.006298,0.1132,0.002792,9.29e-05,,,0.01011,0.1615,,,,,0.004652,0.022266,0.0002559,,,0.0002861,0.0037864,0.18564,0.00378,0.003953,,0.0034629636042525194,0.001983,1.35e-06,0.019516,9.17e-06,0.05415,0.0007036,0.0002242,,,,0.0008352,,,0.001513,0.0034651235316539037,2.038e-05,0.0002262,,0.001629,,0.0002171,,0.00228,2.3768353625565242e-07,0.278,0.003355,,0.0001693,0.00694,0.0034644032565390613,0.0474,0.0004842,6.165,,,,7.22e-05,,0.06342,,1.712,,0.02395,,,,,,,,115.9823706796567,,0.19665,,0.2178,,0.000855,0.00229,4.725094029371185e-05,,8.18e-05,0.06285,0.0627,,0.00558,,0.11616,,2.3846338013256654e-07
ZEN,,,,,,,,,,,,,,,,,,,,,,,,,,33.64737550471063,,,,,,,,,,,,,,,,,,,,,,,,,,,,,,,,,,,,,,,,,,,,,,,,,,,,,,0.015885623510722795,,,,,,,,,,,,,,,,,,,,,,,,,,,,,,,,,,,,,,,,,,,,,,,,,,,,,,,,,,,,,,,,,,,,,,,,,,,,,,,,,,0.01584786053882726,,,,,,,,,,,,,,,,,,,,,,,,,,,,,,,,,,,,531.5755900489049,,,4.576659038901602,,,,,,,,,,,,,,,
TOMO,,,,,,,,,,,,,,,,,,,,,,,,,,,,,,,,,,,,,,,,,,,,,,,,,,,,,,,,,,,,,,,,,,,,,,,,,,,,,,,,0.613685179502915,,,,,,,,,,,,,,,,,,,,,,,,,,,,,,,,,,,,,,,,,,,,,,,,,,,,,,,,,,,,,,,,,,,,,,,,,,,,,,,,,,0.6125199068969741,,,,,,,,,,,,,,,,,,,,,,,,,,,,,,,,,,,,20546.53790836244,,,,,,,,,,,,,,,,,,
SAND,,,,,,,,,,,,,,,,,,,,,,,,,,,,,,,,,,,,,,,,,,,,,,,,,,,,,,,,,,,,,,,,,,,,,,,,,,,,,,,,4.045798438321802,,,,,,,,,,,,,,,,,,,,,,,,,,,,,,,,,,,,,,,,,,,,,,,,,,,,,,,,,,,,,,,,,,,,,,,,,,,,,,,,,,4.040893845718673,,,,,,,,,,,,,,,,,,,,,,,,,,,,,,,,,,,,135317.99729364004,,,1166.044776119403,,,,,,,,,,,,,,,
XRP,,,1.510574018126888,,,,,,,,,,,0.002857142857142857,,,,,,,,,,,,3205.128205128205,,,,,,,,,,,,,,,0.17394329448599757,,,,,,,,,,,,,,,,,,,,,1.793400286944046,,,,,0.2996703626011387,2.1017675865402805,,,,,,,,,,,,0.9433962264150942,,,,,,,,,,,,,,,,,,,,,,,,,,,,,,,,,,,,,,,,,1.131733816206428,,,,,,,,,,,,,,,,,,,,,,,,,,,,,,,,,0.09775,,,,,,,,1.5124016938898972,,,,,,,,,,,,,,,1.5114873035066507,,,,,,,,,,,,,,,,,,,,,50632.91139240507,,,436.3001745200698,,,,,0.02061940698585509,,,,,,,,,,
RUB,,,,,,,,,,,,,,,,,,,,,,,,,,155260.4,,,,,,,1127.0,9998.1,,,,,,,,,,,,,,,,,,,,18.143,,,,,,,,,,,,,,,,,,,,,,,,,,73.298,,,,,,,,,,,,,,,,,,,,,,,,,,,,,,,,,,,,,,,,,,,,,,,,,,,,,,,0.000609,98.39,,,,,,80.0,,,,,,,,,,,,,,,,,,,,73.294,,,,,,,,,,,,,,,,,,,,,,,,,,,,,,,,,,,,2450607.0,,,21126.07,,,,48.404,,,,,,,,,,,
DYDX,,,,,,,,,,,,,,,,,,,,,,,,,,,,,,,,,,,,,,,,,,,,,,,,,,,,,,,,,,,,,,,,,,,,,,,,,,,,,,,,,,,,,,,,,,,,,,,,,,,,,,,,,,,,,,,,,,,,,,,,,,,,,,,,,,,,,,,,,,,,,,,,,,,,,,,,,,,,,,,,,,,,,,,,,,,,,,,,,,,,,,,,,,,,,,,,,,,,,,,,,,,,,,,,,,,,,,,,
RSR,,,,,,,,,,,,,,,,,,,,,,,,,,,,,,,,,,,,,,,,,,,,,,,,,,,,,,,,,,,,,,,,,,,,,,,,,,,,,,,,42.28329809725158,,,,,,,,,,,,,,,,,,,,,,,,,,,,,,,,,,,,,,,,,,,,,,,,,,,,,,,,,,,,,,,,,,,,,,,,,,,,,,,,,,42.24757076468103,,,,,,,,,,,,,,,,,,,,,,,,,,,,,,,,,,,,1408450.7042253523,,,12195.121951219511,,,,,,,,,,,,,,,
UNI,,,,,,,,,,,,,,,,,,,,,,,,,,,,,,,,,,,,,,,,,,,,,,,,,,,,,,,,,,,,,,0.0653039900737935,,,,,,,,,,,,,,,,,,0.055151114052503857,,,,,,,,,,,,,,,,,,,,,,,,,,,,,,,,,,,,,,,,,,,,,,,,,,,,,,,,,,,,,,,,,,,,,,,,,,,,,,,,,,0.055132870217223504,,,,,,,,,,,,,,,,,,,,,,,,,,,,,,,,,,,,1847.0631695603988,,,15.90583744234134,,,,,,,,,,,,,,,
XVS,,,,,,,,,,,,,,,,,,,,,,,,,,,,,,,,,,,,,,,,,,,,,,,,,,,,,,,,,,,,,,,,,,,,,,,,,,,,,,,,0.05510856387082552,,,,,,,,,,,,,,,,,,,,,,,,,,,,,,,,,,,,,,,,,,,,,,,,,,,,,,,,,,,,,,,,,,,,,,,,,,,,,,,,,,0.05506001541680432,,,,,,,,,,,,,,,,,,,,,,,,,,,,,,,,,,,,1844.3378827001109,,,15.89825119236884,,,,,,,,,,,,,,,
LRC,,,,,,,,,,,,,,,,,,,,,,,,,,8397.010664203544,,,,,,,,,,,,,,,,,,,,,,,,,,,,,,,,,,,,,,,,,,,,,,,,,,,,,,3.975036769090114,,,,,,,,,,,,,,,,,,,,,,,,,,,,,,,,,,,,,,,,,,,,,,,,,,,,,,,,,,,,,,,,,,,,,,,,,,,,,,,,,,3.969829297340214,,,,,,,,,,,,,,,,,,,,,,,,,,,,,,,,,,,,115606.93641618497,,,,,,,,,,,,,,,,,,
MDX,,,,,,,,,,,,,,,,,,,,,,,,,,,,,,,,,,,,,,,,,,,,,,,,,,,,,,,,,,,,,,,,,,,,,,,,,,,,,,,,0.619463544570402,,,,,,,,,,,,,,,,,,,,,,,,,,,,,,,,,,,,,,,,,,,,,,,,,,,,,,,,,,,,,,,,,,,,,,,,,,,,,,,,,,0.6187353050365053,,,,,,,,,,,,,,,,,,,,,,,,,,,,,,,,,,,,20738.282870178347,,,178.6671431123816,,,,,,,,,,,,,,,
USDS,,,,,,,,,,,,,,,,,,,,,,,,,,,,,,,,,,,,,,,,,,,,,,,,,,,,,,,,,,,,,,,,,,,,,,,,,,,,,,,,,,,,,,,,,,,,,,,,,,,,,,,,,,,,,,,,,,,,,,,,,,,,,,,,,,,,,,,,,,,,,,,,,,,,,,,,,,,,,,,,,,,,,,,,,,,,,,,,,,,,,,,,,,,,,,,,,,,,,,,,,,,,,,,,,,,,,,,,
SOL,,,,,,,,,,,,,,,,,,,,,,,,,,,,,,,,,,,,,,,,,0.003430531732418525,,,,,,,,,,,,,,,,,,,,,0.03534817956875221,,,,,0.0058997050147492625,0.041390728476821195,,,,,,,,,,,,0.029823148728042707,,,,,,,,,,,,,,,,,,,,,,,,,,,,,,,,,,,,,,,,,,,,,,,,,,,,,,,,,,,,,,,,,,,,,,,,,,,,,,,,,,0.029810702042033087,,,,,,,,,,,,,,,,,,,,,,,,,,,,,,,,,,,,998.1135653614667,,,8.603630732168975,,,,,,,,,,,,,,,
MTL,,,,,,,,,,,,,,,,,,,,,,,,,,1319.2612137203166,,,,,,,,,,,,,,,,,,,,,,,,,,,,,,,,,,,,,,,,,,,,,,,,,,,,,,0.6246096189881324,,,,,,,,,,,,,,,,,,,,,,,,,,,,,,,,,,,,,,,,,,,,,,,,,,,,,,,,,,,,,,,,,,,,,,,,,,,,,,,,,,,,,,,,,,,,,,,,,,,,,,,,,,,,,,,,,,,,,,20907.380305247752,,,,,,,,,,,,,,,,,,
BIDR,,,,,,,,,,,,,,,,,,,,,,,,,,30785714.0,,,,,,,223120.0,,,,,,,,,,,,,,,,,,,,,3592.92,,19230.01,,,,,,,,,,,,,,,,,,,,,,,,14519.0,,,,,,,,,,,,,,,,,,,,,,,,,,,,,,27612.0,,,,,,,,,,,,,,,,,,,,,,,,,,19500.0,,,,,1196.77,15869.0,,,,,,,,,,,,,,,,,,,,14515.0,,,,,,,,,,,,,,,,,,,,,,,,,,,,,,,,,,,,485794997.0,,,4189528.0,,,,,,,,,,,,,,,
